f150_descripcion;f120_referencia;f121_id_barras_principal;f120_descripcion;f117_descripcion_color;f121_id_ext1_detalle;f121_id_ext2_detalle;CATEGORIA;LINEA;MARCA;COLECCION;SECTOR;f400_fecha_ult_entrada;f400_fecha_ult_salida;f400_cant_existencia_1;f400_cant_comprometida_1;f400_cant_pendiente_salir_1;FECHA MINIMA ENTRADA;FECHA MAXIMA ENTRADA;FECHA MINIMA SALIDA;FECHA MAXIMA SALIDA
CONSIGNACION CAROLINA MACHADO;PF31112430                                        ;7706718430735;BLUSA MACKENZIE;BLANCO CRUDO;101;S                   ;RAGSTYLE;CAMISA;RAGSTYLE                                ;PROMO RAGSTYLE ABRIL ECOMMERCE 2021;CAMISA DE TIRAS                         ;03/11/2023;NULL;2;0;0;NULL;NULL;NULL;NULL
UNICO CALI;PF19120092                                        ;7706718431176;CAMISETA TORCELLO;AZUL OSCURO;401;XS                  ;RAGGED VIP                              ;CAMISETA;RAGGED                                  ;SEPTIEMBRE RAGGED C2 2023;CAMISETA MANGA 3/4                      ;31/01/2025;30/06/2025;2;0;0;13/11/2021;31/01/2025;13/11/2021;13/11/2021
UNICO CALI;PF19120092                                        ;7706718431152;CAMISETA TORCELLO;AZUL OSCURO;401;S                   ;RAGGED VIP                              ;CAMISETA;RAGGED                                  ;SEPTIEMBRE RAGGED C2 2023;CAMISETA MANGA 3/4                      ;31/01/2025;02/05/2025;4;0;0;13/11/2021;31/01/2025;13/11/2021;13/11/2021
NUESTRO URABA;PF19120092                                        ;7706718431206;CAMISETA TORCELLO;AMARILLO MOSTAZA;702;S                   ;RAGGED VIP                              ;CAMISETA;RAGGED                                  ;SEPTIEMBRE RAGGED C2 2023;CAMISETA MANGA 3/4                      ;31/01/2025;03/05/2025;10;0;0;13/11/2021;31/01/2025;13/11/2021;13/11/2021
NUESTRO URABA;PF19120092                                        ;7706718431190;CAMISETA TORCELLO;AMARILLO MOSTAZA;702;M                   ;RAGGED VIP                              ;CAMISETA;RAGGED                                  ;SEPTIEMBRE RAGGED C2 2023;CAMISETA MANGA 3/4                      ;31/01/2025;24/03/2022;1;0;0;13/11/2021;31/01/2025;13/11/2021;13/11/2021
NUESTRO URABA;PF19120092                                        ;7706718431220;CAMISETA TORCELLO;AMARILLO MOSTAZA;702;XS                  ;RAGGED VIP                              ;CAMISETA;RAGGED                                  ;SEPTIEMBRE RAGGED C2 2023;CAMISETA MANGA 3/4                      ;31/01/2025;07/02/2022;4;0;0;13/11/2021;31/01/2025;13/11/2021;13/11/2021
PUENTE ARANDA;PF31112426                                        ;7706718432005;BLUSA ETNA;NEGRO;1;S                   ;RAGSTYLE;CAMISA;RAGSTYLE                                ;PROMO RAGSTYLE ABRIL ECOMMERCE 2021;CAMISA DE TIRAS                         ;01/10/2023;26/12/2024;3;0;0;21/10/2021;1/10/2023;21/10/2021;21/10/2021
PRODUCTO TERMINADO SEGUNDAS Y REMANENTES;PF35510148                                        ;7706718432555;VESTIDO GALICIA;AZUL CLARO;450;M                   ;RAGSTYLE INDIGO                         ;VESTIDO;RAGSTYLE                                ;RAGSTYLE ECOMMERCE ABRIL-MAYO 2021;VESTIDO CORTO MANGA 3/4                 ;17/06/2024;21/06/2024;1;0;0;NULL;NULL;NULL;NULL
PRODUCTO TERMINADO SEGUNDAS Y REMANENTES;PF51110931                                        ;7706718432999;BLUSA NILO;AZUL MEDIO;420;XS                  ;FORMETOO;CAMISA;FORMETOO                                ;PROMOCIONES OCTUBRE 2021;CAMISA MANGA 3/4                        ;04/12/2023;23/08/2021;1;0;0;NULL;NULL;NULL;NULL
PRODUCTO TERMINADO SEGUNDAS Y REMANENTES;PF51510091                                        ;7706718433231;VESTIDO POMA ROSA;AZUL OSCURO;401;XS                  ;FOR ME TOO JEANS WEAR                   ;VESTIDO;FORMETOO                                ;PROMOCIONES OCTUBRE 2021;VESTIDO LARGO MANGA SISA                ;30/01/2023;16/03/2022;1;0;0;NULL;NULL;NULL;NULL
PRODUCTO TERMINADO SEGUNDAS Y REMANENTES;PF11511014                                        ;7706718434542;VESTIDO MINETTI;CALIDAD TIPO B;0;S                   ;TRENDS;VESTIDO;RAGGED                                  ;PROMOCIONES OCTUBRE 2021;VESTIDO LARGO MANGA 3/4                 ;22/01/2025;23/03/2023;1;0;0;NULL;NULL;NULL;NULL
CONSIGNACION CAROLINA MACHADO;PF31112427                                        ;7706718433644;BLUSA RESORT;COBRE;220;S                   ;RAGSTYLE;CAMISA;RAGSTYLE                                ;PROMO RAGSTYLE ABRIL ECOMMERCE 2021;CAMISA MANGA CORTA                      ;05/12/2023;06/02/2025;1;0;0;NULL;NULL;NULL;NULL
CONSIGNACION CAROLINA MACHADO;PF31112427                                        ;7706718433637;BLUSA RESORT;COBRE;220;M                   ;RAGSTYLE;CAMISA;RAGSTYLE                                ;PROMO RAGSTYLE ABRIL ECOMMERCE 2021;CAMISA MANGA CORTA                      ;07/02/2025;NULL;1;0;0;NULL;NULL;NULL;NULL
CONSIGNACION CAROLINA MACHADO;PF51120574                                        ;7706718434191;CAMISETA GOOD THINGS;ROSADO OSCURO;651;XS                  ;FORMETOO;CAMISETA;FORMETOO                                ;DICIEMBRE RAGGED C1 2021;CAMISETA MANGA CORTA                    ;09/08/2024;NULL;1;0;0;NULL;NULL;NULL;NULL
CONSIGNACION CAROLINA MACHADO;PF31120939                                        ;7706718433415;CAMISETA HOLLYWOOD;BLANCO CRUDO;101;M                   ;RAGSTYLE;CAMISETA;RAGSTYLE                                ;PROMO RAGSTYLE ABRIL ECOMMERCE 2021;CAMISETA MANGA CORTA                    ;01/11/2024;NULL;1;0;0;NULL;NULL;NULL;NULL
CONSIGNACION CAROLINA MACHADO;PF31510862                                        ;7706718432746;VESTIDO WHISTER;COBRE;220;S                   ;RAGSTYLE JEANS WEAR                     ;VESTIDO;RAGSTYLE                                ;RAGSTYLE ECOMMERCE ABRIL-MAYO 2021;VESTIDO LARGO MANGA CORTA               ;12/08/2024;22/12/2023;1;0;0;NULL;NULL;NULL;NULL
CONSIGNACION CAROLINA MACHADO;PF31112435                                        ;7706718436379;BLUSA MONTREAL;ROJO PURO;600;S                   ;RAGSTYLE;CAMISA;RAGSTYLE                                ;RAGSTYLE ECOMMERCE ABRIL-MAYO 2021;CAMISA MANGA PETALO                     ;21/05/2024;28/12/2023;1;0;0;NULL;NULL;NULL;NULL
PRODUCTO TERMINADO SEGUNDAS Y REMANENTES;PF11511011                                        ;7706718435266;VESTIDO TABATHA;COBRE;220;XS                  ;TRENDS;VESTIDO;RAGGED                                  ;PROMO TEMPORADA ENERO 2022;VESTIDO CORTO MANGA LARGA               ;31/07/2025;21/05/2024;1;0;0;NULL;NULL;NULL;NULL
PRODUCTO TERMINADO SEGUNDAS Y REMANENTES;PF11530076                                        ;7706718449782;ENTERIZO EYRE;VERDE OLIVO;306;L                   ;TRENDS;ENTERIZO;RAGGED                                  ;PROMOCIONES OCTUBRE 2021;ENTERIZO LARGO DE TIRAS                 ;04/06/2024;04/06/2024;1;0;0;NULL;NULL;NULL;NULL
PRODUCTO TERMINADO SEGUNDAS Y REMANENTES;PF11112233                                        ;7706718436461;BLUSA VICTORIA;BLANCO CRUDO;101;S                   ;TRENDS;CAMISA;RAGGED                                  ;EXTRA ONLINE JULIO;CAMISA MANGA CORTA                      ;31/07/2025;11/02/2025;2;0;0;NULL;NULL;NULL;NULL
CONSIGNACION CAROLINA MACHADO;PF11112235                                        ;7706718436881;BLUSA CHERRY BLOSSOM;ROSADO;650;XS                  ;TRENDS;CAMISA;RAGGED                                  ;PROMO TEMPORADA ENERO 2022;CAMISA MANGA SISA                       ;05/12/2023;07/05/2025;1;0;0;NULL;NULL;NULL;NULL
PRODUCTO TERMINADO SEGUNDAS Y REMANENTES;PF11310640                                        ;7706718437604;PANTALON ANDINA;BLANCO CRUDO;101;6;TRENDS;PANTALON;RAGGED                                  ;PROMO TEMPORADA ENERO 2022;PANTALON BOTA RECTA                     ;27/04/2022;13/05/2022;1;0;0;NULL;NULL;NULL;NULL
PRODUCTO TERMINADO SEGUNDAS Y REMANENTES;PF11310640                                        ;7706718437611;PANTALON ANDINA;BLANCO CRUDO;101;8;TRENDS;PANTALON;RAGGED                                  ;PROMO TEMPORADA ENERO 2022;PANTALON BOTA RECTA                     ;19/04/2022;07/07/2021;1;0;0;NULL;NULL;NULL;NULL
PRODUCTO TERMINADO SEGUNDAS Y REMANENTES;PF11310640                                        ;7706718437598;PANTALON ANDINA;BLANCO CRUDO;101;14;TRENDS;PANTALON;RAGGED                                  ;PROMO TEMPORADA ENERO 2022;PANTALON BOTA RECTA                     ;19/04/2022;03/11/2023;1;0;0;NULL;NULL;NULL;NULL
CONSIGNACION CAROLINA MACHADO;PF11120938                                        ;7706718438267;CAMISETA BONDI;NEGRO;1;XS                  ;TRENDS;CAMISETA;RAGGED                                  ;NOVIEMBRE RAGGED C3 2021;CAMISETA MANGA CORTA                    ;14/07/2025;NULL;1;0;0;NULL;NULL;NULL;NULL
CONSIGNACION CAROLINA MACHADO;PF11310641                                        ;7706718439165;PANTALON ATACAMA;ROJO VINO;630;8;TRENDS;PANTALON;RAGGED                                  ;ECOMMERCE PROMO SEPTIEMBRE 2022;PANTALON BOTA TUBO                      ;12/12/2022;22/04/2023;1;0;0;NULL;NULL;NULL;NULL
GUAYABAL 2;PF11310641                                        ;7706718439257;PANTALON ATACAMA;AMARILLO MOSTAZA;702;6;TRENDS;PANTALON;RAGGED                                  ;ECOMMERCE PROMO SEPTIEMBRE 2022;PANTALON BOTA TUBO                      ;25/07/2025;16/01/2024;1;0;0;22/02/2022;25/07/2025;22/02/2022;22/02/2022
GUAYABAL 2;PF11310641                                        ;7706718439080;PANTALON ATACAMA;CALIDAD TIPO B;0;12;TRENDS;PANTALON;RAGGED                                  ;ECOMMERCE PROMO SEPTIEMBRE 2022;PANTALON BOTA TUBO                      ;09/11/2021;04/05/2022;1;0;0;9/11/2021;9/11/2021;9/11/2021;9/11/2021
CONSIGNACION CAROLINA MACHADO;PF31510867                                        ;7706718441182;VESTIDO PALM BEACH;ROJO MEDIO;610;L                   ;RAGSTYLE;VESTIDO;RAGSTYLE                                ;RAGSTYLE ECOMMERCE ABRIL-MAYO 2021;VESTIDO CORTO MANGA CORTA               ;21/05/2024;NULL;1;0;0;NULL;NULL;NULL;NULL
PRODUCTO TERMINADO SEGUNDAS Y REMANENTES;PF31120946                                        ;7706718440765;CAMISETA SEE YOU;AZUL TURQUESA;440;S                   ;RAGSTYLE;CAMISETA;RAGSTYLE                                ;RAGSTYLE ECOMMERCE ABRIL-MAYO 2021;CAMISETA MANGA CORTA                    ;08/02/2022;08/02/2022;1;0;0;NULL;NULL;NULL;NULL
PRODUCTO TERMINADO SEGUNDAS Y REMANENTES;PF51110934                                        ;7706718442981;TOP POMA ROSA;AZUL MEDIO;420;XS                  ;FOR ME TOO JEANS WEAR                   ;CAMISA;FORMETOO                                ;PROMO TEMPORADA ENERO 2022;CAMISA DE TIRAS                         ;19/04/2022;23/08/2021;1;0;0;NULL;NULL;NULL;NULL
PRODUCTO TERMINADO SEGUNDAS Y REMANENTES;PF35310082                                        ;7706718444954;PANTALON TIANA;AZUL MEDIO;420;10;RAGSTYLE INDIGO                         ;PANTALON;RAGSTYLE                                ;PROMO RAGSTYLE ECOMMERCE 2021;PANTALON BOTA RECTA                     ;21/02/2022;03/01/2022;1;0;0;NULL;NULL;NULL;NULL
CONSIGNACION CAROLINA MACHADO;PF51350245                                        ;7706718445821;JEANS SLOUCHY;AZUL OSCURO;401;14;FOR ME TOO JEANS WEAR                   ;JEANS;FORMETOO                                ;PROMO TEMPORADA ENERO 2022;JEANS BOTA RECTA                        ;07/02/2025;29/12/2021;1;0;0;NULL;NULL;NULL;NULL
CONSIGNACION CAROLINA MACHADO;PF51320043                                        ;7706718447290;FALDA PALMA;AZUL MEDIO;420;6;FOR ME TOO JEANS WEAR                   ;FALDA;FORMETOO                                ;PROMO TEMPORADA ENERO 2022;FALDA CORTA                             ;05/12/2023;NULL;1;0;0;NULL;NULL;NULL;NULL
RIONEGRO;PF51320043                                        ;7706718447290;FALDA PALMA;AZUL MEDIO;420;6;FOR ME TOO JEANS WEAR                   ;FALDA;FORMETOO                                ;PROMO TEMPORADA ENERO 2022;FALDA CORTA                             ;05/07/2023;08/02/2025;1;0;0;11/06/2021;5/07/2023;11/06/2021;11/06/2021
GUAYABAL 2;PF51320043                                        ;7706718447252;FALDA PALMA;CALIDAD TIPO B;0;6;FOR ME TOO JEANS WEAR                   ;FALDA;FORMETOO                                ;PROMO TEMPORADA ENERO 2022;FALDA CORTA                             ;01/09/2021;22/07/2025;3;0;0;1/09/2021;1/09/2021;1/09/2021;1/09/2021
LA 65;PF51320043                                        ;7706718447290;FALDA PALMA;AZUL MEDIO;420;6;FOR ME TOO JEANS WEAR                   ;FALDA;FORMETOO                                ;PROMO TEMPORADA ENERO 2022;FALDA CORTA                             ;23/09/2024;24/01/2025;3;0;0;17/07/2021;23/09/2024;17/07/2021;17/07/2021
PRODUCTO TERMINADO SEGUNDAS Y REMANENTES;PF11120941                                        ;7706718448129;TEJIDO PALVIN;BEIGE OSCURO;251;M                   ;TRENDS;CAMISETA;RAGGED                                  ;JUNIO RAGGED C2 2021;BUZO MANGA LARGA;19/04/2022;23/08/2021;1;0;0;NULL;NULL;NULL;NULL
CONSIGNACION CAROLINA MACHADO;PF51110935                                        ;7706718448624;BLUSA ABBY TENCEL;AZUL CLARO;450;S                   ;FOR ME TOO JEANS WEAR                   ;CAMISA;FORMETOO                                ;ECOMMERCE PROMO SEPTIEMBRE 2022;CAMISA MANGA CORTA                      ;15/07/2025;20/08/2024;1;0;0;NULL;NULL;NULL;NULL
CONSIGNACION CAROLINA MACHADO;PF11112240                                        ;7706718451143;BLUSA ANTAMI;BLANCO CRUDO;101;XS                  ;TRENDS;CAMISA;RAGGED                                  ;JUNIO RAGGED C2 2021;CAMISA MANGA CORTA                      ;12/08/2024;NULL;1;0;0;NULL;NULL;NULL;NULL
CONSIGNACION CAROLINA MACHADO;PF13120491                                        ;7706718451471;BODY OCEANIA;BLANCO CRUDO;101;XS                  ;RAGGED;BODY;RAGGED                                  ;PROMO TEMPORADA ENERO 2022;BODY                                    ;31/01/2022;NULL;1;0;0;NULL;NULL;NULL;NULL
PRODUCTO TERMINADO SEGUNDAS Y REMANENTES;PF11310642                                        ;7706718451600;PANTALON CORDUROY;BLANCO CRUDO;101;6;TRENDS;PANTALON;RAGGED                                  ;PROMO ESPECIAL JULIO 2022;PANTALON BOTA RECTA                     ;03/06/2022;12/08/2024;1;0;0;NULL;NULL;NULL;NULL
INSUMOS;IE290026                                          ;N/A;BANDERA FMT PRETINA PÁJARO NUEVA IMAGEN;GENERICO;GEN                 ;GEN                 ;N/A;N/A;N/A;JUNIO RAGGED 2023;N/A;04/07/2025;24/07/2025;2540;0;0;NULL;NULL;NULL;NULL
INSUMOS;IS290047                                          ;N/A;MARQUILLA HILADILLA FMT SUPERIOR NUEVA I;GENERICO;GEN                 ;L                   ;N/A;N/A;N/A;NA;N/A;24/06/2025;28/07/2025;4213;0;363;NULL;NULL;NULL;NULL
INSUMOS;IS290047                                          ;N/A;MARQUILLA HILADILLA FMT SUPERIOR NUEVA I;GENERICO;GEN                 ;M                   ;N/A;N/A;N/A;NA;N/A;24/06/2025;28/07/2025;4762;0;730;NULL;NULL;NULL;NULL
INSUMOS;IS290047                                          ;N/A;MARQUILLA HILADILLA FMT SUPERIOR NUEVA I;GENERICO;GEN                 ;S                   ;N/A;N/A;N/A;NA;N/A;24/06/2025;28/07/2025;4695;0;730;NULL;NULL;NULL;NULL
INSUMOS;IS290047                                          ;N/A;MARQUILLA HILADILLA FMT SUPERIOR NUEVA I;GENERICO;GEN                 ;XL                  ;N/A;N/A;N/A;NA;N/A;18/10/2024;10/10/2024;8049;0;0;NULL;NULL;NULL;NULL
INSUMOS;IS290047                                          ;N/A;MARQUILLA HILADILLA FMT SUPERIOR NUEVA I;GENERICO;GEN                 ;XS                  ;N/A;N/A;N/A;NA;N/A;24/06/2025;31/07/2025;1320;0;680;NULL;NULL;NULL;NULL
INSUMOS;IS290047                                          ;N/A;MARQUILLA HILADILLA FMT SUPERIOR NUEVA I;GENERICO;GEN                 ;XXS                 ;N/A;N/A;N/A;NA;N/A;03/07/2025;28/07/2025;2760;0;313;NULL;NULL;NULL;NULL
INSUMOS;IS290048                                          ;N/A;MARQUILLA FMT SUPERIOR NUEVA IMAGEN 21;GENERICO;GEN                 ;S                   ;N/A;N/A;N/A;NA;N/A;25/06/2025;24/07/2025;3482;0;0;NULL;NULL;NULL;NULL
INSUMOS;IS290048                                          ;N/A;MARQUILLA FMT SUPERIOR NUEVA IMAGEN 21;GENERICO;GEN                 ;XS                  ;N/A;N/A;N/A;NA;N/A;25/06/2025;24/07/2025;3093;0;0;NULL;NULL;NULL;NULL
INSUMOS;IS290048                                          ;N/A;MARQUILLA FMT SUPERIOR NUEVA IMAGEN 21;GENERICO;GEN                 ;XL                  ;N/A;N/A;N/A;NA;N/A;10/05/2024;05/06/2024;3103;0;0;NULL;NULL;NULL;NULL
INSUMOS;IS290048                                          ;N/A;MARQUILLA FMT SUPERIOR NUEVA IMAGEN 21;GENERICO;GEN                 ;M                   ;N/A;N/A;N/A;NA;N/A;25/06/2025;24/07/2025;3248;0;0;NULL;NULL;NULL;NULL
INSUMOS;IS290048                                          ;N/A;MARQUILLA FMT SUPERIOR NUEVA IMAGEN 21;GENERICO;GEN                 ;L                   ;N/A;N/A;N/A;NA;N/A;16/06/2025;24/07/2025;1823;0;0;NULL;NULL;NULL;NULL
INSUMOS;IS290049                                          ;N/A;MARQUILLA FMT INFERIOR NUEVA IMAGEN 21;GENERICO;GEN                 ;10;N/A;N/A;N/A;NA;N/A;25/06/2025;24/07/2025;1061;0;0;NULL;NULL;NULL;NULL
INSUMOS;IS290049                                          ;N/A;MARQUILLA FMT INFERIOR NUEVA IMAGEN 21;GENERICO;GEN                 ;12;N/A;N/A;N/A;NA;N/A;03/11/2023;24/07/2025;1551;0;0;NULL;NULL;NULL;NULL
INSUMOS;IS290049                                          ;N/A;MARQUILLA FMT INFERIOR NUEVA IMAGEN 21;GENERICO;GEN                 ;14;N/A;N/A;N/A;NA;N/A;16/06/2025;24/07/2025;1916;0;0;NULL;NULL;NULL;NULL
INSUMOS;IS290049                                          ;N/A;MARQUILLA FMT INFERIOR NUEVA IMAGEN 21;GENERICO;GEN                 ;4;N/A;N/A;N/A;NA;N/A;25/06/2025;24/07/2025;930;0;0;NULL;NULL;NULL;NULL
INSUMOS;IS290049                                          ;N/A;MARQUILLA FMT INFERIOR NUEVA IMAGEN 21;GENERICO;GEN                 ;6;N/A;N/A;N/A;NA;N/A;16/06/2025;24/07/2025;1303;0;0;NULL;NULL;NULL;NULL
INSUMOS;IS290049                                          ;N/A;MARQUILLA FMT INFERIOR NUEVA IMAGEN 21;GENERICO;GEN                 ;8;N/A;N/A;N/A;NA;N/A;25/06/2025;24/07/2025;1153;0;0;NULL;NULL;NULL;NULL
CONSIGNACION CAROLINA MACHADO;PF51310082                                        ;7706718537441;JOGGER KODIE BURDA;AMARILLO MOSTAZA;702;6;FOR ME TOO JEANS WEAR                   ;PANTALON;FORMETOO                                ;NOVIEMBRE RAGGED C3 2021;JEGGING                                 ;15/11/2024;24/06/2024;1;0;0;NULL;NULL;NULL;NULL
PRODUCTO TERMINADO SEGUNDAS Y REMANENTES;PF13120487                                        ;7706718452522;TOP CUELLO ALTO;BLANCO CRUDO;101;L                   ;RAGGED;CAMISETA;RAGGED                                  ;JULIO RAGGED C2 2021;TOPS                                    ;19/04/2022;29/03/2022;1;0;0;NULL;NULL;NULL;NULL
PRODUCTO TERMINADO ECOMMERCE;PF13120488                                        ;7706718454038;CROP TOP CALIFORNIA;NEGRO;1;XS                  ;RAGGED;CAMISETA;RAGGED                                  ;PRENDAS PENELOPE SEPTIEMBRE C1;TOPS                                    ;22/10/2024;13/11/2024;1;0;0;17/11/2021;22/10/2024;17/11/2021;17/11/2021
LA 35;PF13120488                                        ;7706718454014;CROP TOP CALIFORNIA;NEGRO;1;M                   ;RAGGED;CAMISETA;RAGGED                                  ;PRENDAS PENELOPE SEPTIEMBRE C1;TOPS                                    ;06/07/2024;09/07/2022;1;0;0;6/07/2022;6/07/2024;6/07/2022;6/07/2022
LA 35;PF13120488                                        ;7706718454052;CROP TOP CALIFORNIA;BLANCO CRUDO;101;M                   ;RAGGED;CAMISETA;RAGGED                                  ;PRENDAS PENELOPE SEPTIEMBRE C1;TOPS                                    ;20/04/2024;17/12/2024;1;0;0;7/12/2021;20/04/2024;7/12/2021;7/12/2021
PRODUCTO TERMINADO SEGUNDAS Y REMANENTES;PF13120488                                        ;7706718454069;CROP TOP CALIFORNIA;BLANCO CRUDO;101;S                   ;RAGGED;CAMISETA;RAGGED                                  ;PRENDAS PENELOPE SEPTIEMBRE C1;TOPS                                    ;30/12/2024;26/03/2024;1;0;0;NULL;NULL;NULL;NULL
CONSIGNACION CAROLINA MACHADO;PF13120488                                        ;7706718454052;CROP TOP CALIFORNIA;BLANCO CRUDO;101;M                   ;RAGGED;CAMISETA;RAGGED                                  ;PRENDAS PENELOPE SEPTIEMBRE C1;TOPS                                    ;15/04/2025;21/09/2024;2;0;0;NULL;NULL;NULL;NULL
PRODUCTO TERMINADO SEGUNDAS Y REMANENTES;PF13120488                                        ;7706718454052;CROP TOP CALIFORNIA;BLANCO CRUDO;101;M                   ;RAGGED;CAMISETA;RAGGED                                  ;PRENDAS PENELOPE SEPTIEMBRE C1;TOPS                                    ;11/07/2025;11/07/2025;2;0;0;NULL;NULL;NULL;NULL
LA 65;PF13120488                                        ;7706718454045;CROP TOP CALIFORNIA;BLANCO CRUDO;101;L                   ;RAGGED;CAMISETA;RAGGED                                  ;PRENDAS PENELOPE SEPTIEMBRE C1;TOPS                                    ;15/01/2025;13/02/2025;1;0;0;7/12/2021;15/01/2025;7/12/2021;7/12/2021
PRODUCTO TERMINADO SEGUNDAS Y REMANENTES;PF13120488                                        ;7706718454045;CROP TOP CALIFORNIA;BLANCO CRUDO;101;L                   ;RAGGED;CAMISETA;RAGGED                                  ;PRENDAS PENELOPE SEPTIEMBRE C1;TOPS                                    ;25/06/2025;13/03/2025;1;0;0;NULL;NULL;NULL;NULL
FRANQUICIAS;PF13120488                                        ;7704444969208;CROP TOP CALIFORNIA;ROJO PERSA;612;XS                  ;RAGGED;CAMISETA;RAGGED                                  ;PRENDAS PENELOPE SEPTIEMBRE C1;TOPS                                    ;02/02/2024;12/04/2024;1;0;0;2/02/2024;2/02/2024;2/02/2024;2/02/2024
FRANQUICIAS;PF13120488                                        ;7704444969215;CROP TOP CALIFORNIA;ROJO PERSA;612;S                   ;RAGGED;CAMISETA;RAGGED                                  ;PRENDAS PENELOPE SEPTIEMBRE C1;TOPS                                    ;17/05/2024;29/08/2024;1;0;0;2/02/2024;17/05/2024;2/02/2024;2/02/2024
FRANQUICIAS;PF13120488                                        ;7704444969222;CROP TOP CALIFORNIA;ROJO PERSA;612;M                   ;RAGGED;CAMISETA;RAGGED                                  ;PRENDAS PENELOPE SEPTIEMBRE C1;TOPS                                    ;02/02/2024;26/08/2024;2;0;0;2/02/2024;2/02/2024;2/02/2024;2/02/2024
FRANQUICIAS;PF13120488                                        ;7704444969239;CROP TOP CALIFORNIA;ROJO PERSA;612;L                   ;RAGGED;CAMISETA;RAGGED                                  ;PRENDAS PENELOPE SEPTIEMBRE C1;TOPS                                    ;02/02/2024;26/08/2024;1;0;0;2/02/2024;2/02/2024;2/02/2024;2/02/2024
PRODUCTO TERMINADO SEGUNDAS Y REMANENTES;PF13120488                                        ;7704444969215;CROP TOP CALIFORNIA;ROJO PERSA;612;S                   ;RAGGED;CAMISETA;RAGGED                                  ;PRENDAS PENELOPE SEPTIEMBRE C1;TOPS                                    ;03/06/2025;26/03/2024;1;0;0;NULL;NULL;NULL;NULL
LA 35;PF13120488                                        ;7704444969222;CROP TOP CALIFORNIA;ROJO PERSA;612;M                   ;RAGGED;CAMISETA;RAGGED                                  ;PRENDAS PENELOPE SEPTIEMBRE C1;TOPS                                    ;16/05/2024;21/09/2024;1;0;0;20/04/2024;16/05/2024;20/04/2024;20/04/2024
LA 65;PF13120488                                        ;7704444969215;CROP TOP CALIFORNIA;ROJO PERSA;612;S                   ;RAGGED;CAMISETA;RAGGED                                  ;PRENDAS PENELOPE SEPTIEMBRE C1;TOPS                                    ;15/01/2025;03/07/2025;1;0;0;4/03/2024;15/01/2025;4/03/2024;4/03/2024
LA 65;PF13120488                                        ;7704444969222;CROP TOP CALIFORNIA;ROJO PERSA;612;M                   ;RAGGED;CAMISETA;RAGGED                                  ;PRENDAS PENELOPE SEPTIEMBRE C1;TOPS                                    ;12/04/2025;05/06/2025;3;0;0;4/03/2024;12/04/2025;4/03/2024;4/03/2024
CONSIGNACION CAROLINA MACHADO;PF31320197                                        ;7706718454380;FALDA BERNE;ROJO PURO;600;8;RAGSTYLE JEANS WEAR                     ;FALDA;RAGSTYLE                                ;PROMO RAGSTYLE ECOMMERCE 2021;FALDA CORTA                             ;01/11/2024;NULL;1;0;0;NULL;NULL;NULL;NULL
PRODUCTO TERMINADO SEGUNDAS Y REMANENTES;PF31310515                                        ;7706718454489;PANTALON MASSANI;BLANCO CRUDO;101;8;RAGSTYLE JEANS WEAR                     ;PANTALON;RAGSTYLE                                ;PROMO RAGSTYLE JULIO AGOSTO 2021;PANTALON BOTA ANCHA                     ;31/08/2022;17/02/2022;1;0;0;NULL;NULL;NULL;NULL
CONSIGNACION CAROLINA MACHADO;PF12110535                                        ;7706718454816;BLUSA VIENA;COBRE;220;S                   ;GLAM WORDS;CAMISA;RAGGED                                  ;PROMO TEMPORADA ENERO 2022;CAMISA MANGA SISA                       ;24/06/2024;29/02/2024;1;0;0;NULL;NULL;NULL;NULL
PRODUCTO TERMINADO SEGUNDAS Y REMANENTES;PF12510230                                        ;7706718455776;VESTIDO EMILY;ROJO CARNAUBA;615;XS                  ;GLAM WORDS;VESTIDO;RAGGED                                  ;JUNIO RAGGED C1 2021;VESTIDO CORTO MANGA CORTA               ;19/04/2022;13/08/2024;1;0;0;NULL;NULL;NULL;NULL
PRODUCTO TERMINADO SEGUNDAS Y REMANENTES;PF12510230                                        ;7706718455752;VESTIDO EMILY;ROJO CARNAUBA;615;S                   ;GLAM WORDS;VESTIDO;RAGGED                                  ;JUNIO RAGGED C1 2021;VESTIDO CORTO MANGA CORTA               ;03/06/2022;13/08/2024;2;0;0;NULL;NULL;NULL;NULL
CONSIGNACION CAROLINA MACHADO;PF35110227                                        ;7706718457558;BLUSA MARRUECOS;AZUL OSCURO;401;S                   ;RAGSTYLE INDIGO                         ;CAMISA;RAGSTYLE                                ;PROMO RAGSTYLE JULIO AGOSTO 2021;CAMISA MANGA CORTA                      ;11/06/2025;11/06/2025;1;0;0;NULL;NULL;NULL;NULL
UNICO BARRANQUILLA;PF13120495                                        ;7706718459224;CROP TOP OLIMPICA;NEGRO;1;S                   ;RAGGED;CAMISETA;RAGGED                                  ;OCTUBRE RAGGED PROMO 2023;CAMISETA MANGA SISA                     ;28/03/2023;28/11/2024;1;0;0;30/06/2021;28/03/2023;30/06/2021;30/06/2021
NUESTRO ATLANTICO;PF13120495                                        ;7706718459224;CROP TOP OLIMPICA;NEGRO;1;S                   ;RAGGED;CAMISETA;RAGGED                                  ;OCTUBRE RAGGED PROMO 2023;CAMISETA MANGA SISA                     ;10/12/2023;07/07/2025;2;0;0;11/11/2021;10/12/2023;11/11/2021;11/11/2021
NUESTRO ATLANTICO;PF13120495                                        ;7706718459217;CROP TOP OLIMPICA;NEGRO;1;M                   ;RAGGED;CAMISETA;RAGGED                                  ;OCTUBRE RAGGED PROMO 2023;CAMISETA MANGA SISA                     ;10/12/2023;29/11/2024;2;0;0;14/09/2021;10/12/2023;14/09/2021;14/09/2021
PRODUCTO TERMINADO SEGUNDAS Y REMANENTES;PF13120495                                        ;7706718459262;CROP TOP OLIMPICA;BLANCO CRUDO;101;S                   ;RAGGED;CAMISETA;RAGGED                                  ;OCTUBRE RAGGED PROMO 2023;CAMISETA MANGA SISA                     ;15/02/2024;26/02/2024;1;0;0;NULL;NULL;NULL;NULL
NUESTRO ATLANTICO;PF13120495                                        ;7706718459200;CROP TOP OLIMPICA;NEGRO;1;L                   ;RAGGED;CAMISETA;RAGGED                                  ;OCTUBRE RAGGED PROMO 2023;CAMISETA MANGA SISA                     ;10/12/2023;15/01/2025;1;0;0;11/11/2021;10/12/2023;11/11/2021;11/11/2021
CONSIGNACION CAROLINA MACHADO;PF13120495                                        ;7706718960560;CROP TOP OLIMPICA;VERDE PISTACHO;335;L                   ;RAGGED;CAMISETA;RAGGED                                  ;OCTUBRE RAGGED PROMO 2023;CAMISETA MANGA SISA                     ;04/11/2023;NULL;1;0;0;NULL;NULL;NULL;NULL
PRODUCTO TERMINADO SEGUNDAS Y REMANENTES;PF13120497                                        ;7706718458319;CROP TOP AMARANTA;BLANCO CRUDO;101;M                   ;RAGGED;CAMISETA;RAGGED                                  ;NOVIEMBRE RAGGED C3 2021;CAMISETA MANGA CORTA                    ;27/01/2022;22/01/2025;1;0;0;NULL;NULL;NULL;NULL
CONSIGNACION CAROLINA MACHADO;PF13120498                                        ;7706718459514;BODY RAINBOW;COBRE;220;XS                  ;RAGGED;BODY;RAGGED                                  ;PROMO TEMPORADA ENERO 2022;BODY                                    ;06/11/2024;NULL;1;0;0;NULL;NULL;NULL;NULL
CONSIGNACION CAROLINA MACHADO;PF13120499                                        ;7706718459576;BODY NASAU;NEGRO;1;L                   ;RAGGED;BODY;RAGGED                                  ;DICIEMBRE RAGGED C2 2022;BODY                                    ;15/07/2025;NULL;1;0;0;NULL;NULL;NULL;NULL
PRODUCTO TERMINADO SEGUNDAS Y REMANENTES;PF13120499                                        ;7706718459606;BODY NASAU;NEGRO;1;XL                  ;RAGGED;BODY;RAGGED                                  ;DICIEMBRE RAGGED C2 2022;BODY                                    ;30/01/2023;NULL;1;0;0;NULL;NULL;NULL;NULL
PRODUCTO TERMINADO SEGUNDAS Y REMANENTES;PF13120500                                        ;7706718459835;BODY WAIPIO;BLANCO CRUDO;101;M                   ;RAGGED;BODY;RAGGED                                  ;PROMO TEMPORADA ENERO 2022;BODY                                    ;19/04/2022;29/03/2022;1;0;0;NULL;NULL;NULL;NULL
PRODUCTO TERMINADO SEGUNDAS Y REMANENTES;PF51110937                                        ;7706718461722;BLUSA VENECIA;AZUL CLARO;450;XS                  ;FOR ME TOO JEANS WEAR                   ;CAMISA;FORMETOO                                ;PROMO TEMPORADA ENERO 2022;CAMISA MANGA 3/4                        ;24/07/2023;27/07/2023;1;0;0;NULL;NULL;NULL;NULL
CONSIGNACION CAROLINA MACHADO;PF51120592                                        ;7706718578468;BUSO CODI;AMARILLO MOSTAZA;702;L                   ;FOR ME TOO JEANS WEAR                   ;CAMISETA;FORMETOO                                ;REFERENCIAS SIN FOTO MAYO 2024;BUZO MANGA LARGA;12/02/2024;NULL;1;0;0;NULL;NULL;NULL;NULL
PRODUCTO TERMINADO SEGUNDAS Y REMANENTES;PF13120501                                        ;7706718460718;TOP BELGICA;BLANCO CRUDO;101;XL                  ;TRENDS;CAMISETA;RAGGED                                  ;SEPTIEMBRE RAGGED C1 2021;CAMISETA  DE TIRA                       ;19/07/2024;23/08/2021;1;0;0;NULL;NULL;NULL;NULL
INSUMOS;IC520002                                          ;N/A;ZETA ZAMAC PLANA;ORO;710;09M                 ;NA;NA;NA;NA;NA;07/03/2025;13/06/2025;1549;0;0;NULL;NULL;NULL;NULL
PRODUCTO TERMINADO SEGUNDAS Y REMANENTES;PF11112244                                        ;7706718462866;BLUSA BAMBU;BLANCO;100;S                   ;TRENDS;CAMISA;RAGGED                                  ;PROMO TEMPORADA ENERO 2022;CAMISA MANGA CORTA                      ;31/07/2025;13/08/2024;3;0;0;NULL;NULL;NULL;NULL
CONSIGNACION CAROLINA MACHADO;PF11112243                                        ;7706718462965;BLUSA GIOTTO;BLANCO CRUDO;101;S                   ;TRENDS;CAMISA;RAGGED                                  ;PROMO TEMPORADA ENERO 2022;CAMISA MANGA CORTA                      ;11/06/2025;03/04/2025;2;0;0;NULL;NULL;NULL;NULL
CONSIGNACION CAROLINA MACHADO;PF11112243                                        ;7706718463016;BLUSA GIOTTO;ROJO CARNAUBA;615;S                   ;TRENDS;CAMISA;RAGGED                                  ;PROMO TEMPORADA ENERO 2022;CAMISA MANGA CORTA                      ;13/08/2024;04/12/2023;1;0;0;NULL;NULL;NULL;NULL
PRODUCTO TERMINADO SEGUNDAS Y REMANENTES;PF51110938                                        ;7706718463924;BLUSA ATENAS;AZUL OSCURO;401;S                   ;FOR ME TOO JEANS WEAR                   ;CAMISA;FORMETOO                                ;ECOMMERCE PROMO SEPTIEMBRE 2022;CAMISA DE TIRAS                         ;28/07/2023;23/08/2021;1;0;0;NULL;NULL;NULL;NULL
GUAYABAL 2;PF51340043                                        ;7706718464648;SHORT TIANA;AZUL MEDIO;420;8;FOR ME TOO JEANS WEAR                   ;SHORT;FORMETOO                                ;OCTUBRE RAGGED C3 2021;SHORT                                   ;24/05/2024;19/10/2024;1;0;0;15/09/2023;24/05/2024;15/09/2023;15/09/2023
PRODUCTO TERMINADO SEGUNDAS Y REMANENTES;PF51340043                                        ;7706718464648;SHORT TIANA;AZUL MEDIO;420;8;FOR ME TOO JEANS WEAR                   ;SHORT;FORMETOO                                ;OCTUBRE RAGGED C3 2021;SHORT                                   ;13/04/2024;18/04/2024;1;0;0;NULL;NULL;NULL;NULL
CONSIGNACION CAROLINA MACHADO;PF31510880                                        ;7706718465409;VESTIDO ANTONIA;BLANCO CRUDO;101;M                   ;RAGSTYLE JEANS WEAR                     ;VESTIDO;RAGSTYLE                                ;PROMO RAGSTYLE JULIO AGOSTO 2021;VESTIDO CORTO MANGA CORTA               ;07/09/2023;NULL;1;0;0;NULL;NULL;NULL;NULL
PRODUCTO TERMINADO SEGUNDAS Y REMANENTES;PF51510099                                        ;7706718466116;VESTIDO AMSTERDAN;AZUL CLARO;450;S                   ;FOR ME TOO JEANS WEAR                   ;VESTIDO;FORMETOO                                ;PROMO TEMPORADA ENERO 2022;VESTIDO LARGO MANGA 3/4                 ;11/07/2025;11/07/2025;1;0;0;NULL;NULL;NULL;NULL
CONSIGNACION CAROLINA MACHADO;PF11511024                                        ;7706718466383;VESTIDO CARIBE;NEGRO;1;XS                  ;TRENDS;VESTIDO;RAGGED                                  ;PROMO TEMPORADA ENERO 2022;VESTIDO LARGO DE TIRAS                  ;07/02/2025;21/07/2022;1;0;0;NULL;NULL;NULL;NULL
CONSIGNACION CAROLINA MACHADO;PF31120955                                        ;7706718467014;BLUSA MARBELLA;BEIGE CLARO;270;XS                  ;RAGSTYLE;CAMISETA;RAGSTYLE                                ;PROMO RAGSTYLE ECOMMERCE 2021;CAMISETA MANGA SISA                     ;01/11/2024;NULL;1;0;0;NULL;NULL;NULL;NULL
PRODUCTO TERMINADO ECOMMERCE;PF31120959                                        ;7706718469643;CAMISETA DREAMS;NEGRO;1;S                   ;RAGSTYLE;CAMISETA;RAGSTYLE                                ;PROMOCION RAGSTYLE SEPTIEMBRE;CAMISETA MANGA CORTA                    ;31/08/2022;10/04/2023;11;0;0;1/04/2022;31/08/2022;1/04/2022;1/04/2022
PRODUCTO TERMINADO ECOMMERCE;PF31120959                                        ;7706718469636;CAMISETA DREAMS;NEGRO;1;M                   ;RAGSTYLE;CAMISETA;RAGSTYLE                                ;PROMOCION RAGSTYLE SEPTIEMBRE;CAMISETA MANGA CORTA                    ;01/04/2022;22/01/2023;11;0;0;1/04/2022;1/04/2022;1/04/2022;1/04/2022
PRODUCTO TERMINADO ECOMMERCE;PF31120959                                        ;7706718469629;CAMISETA DREAMS;NEGRO;1;L                   ;RAGSTYLE;CAMISETA;RAGSTYLE                                ;PROMOCION RAGSTYLE SEPTIEMBRE;CAMISETA MANGA CORTA                    ;11/04/2023;10/04/2023;10;0;0;1/04/2022;11/04/2023;1/04/2022;1/04/2022
CONSIGNACION CAROLINA MACHADO;PF31112462                                        ;7706718470434;BLUSA ANTONELLA;BLANCO CRUDO;101;S                   ;RAGSTYLE;CAMISA;RAGSTYLE                                ;PROMO RAGSTYLE JULIO AGOSTO 2021;CAMISA MANGA CORTA                      ;01/11/2024;NULL;1;0;0;NULL;NULL;NULL;NULL
PRODUCTO TERMINADO SEGUNDAS Y REMANENTES;PF31112462                                        ;7706718470434;BLUSA ANTONELLA;BLANCO CRUDO;101;S                   ;RAGSTYLE;CAMISA;RAGSTYLE                                ;PROMO RAGSTYLE JULIO AGOSTO 2021;CAMISA MANGA CORTA                      ;29/02/2024;22/01/2025;1;0;0;NULL;NULL;NULL;NULL
CONSIGNACION CAROLINA MACHADO;PF31510886                                        ;7706718472971;VESTIDO MERLIN;AMARILLO MOSTAZA;702;S                   ;RAGSTYLE JEANS WEAR                     ;VESTIDO;RAGSTYLE                                ;PROMO RAGSTYLE JULIO AGOSTO 2021;VESTIDO LARGO MANGA CORTA               ;06/11/2024;NULL;2;0;0;NULL;NULL;NULL;NULL
CONSIGNACION CAROLINA MACHADO;PF31510886                                        ;7706718472964;VESTIDO MERLIN;AMARILLO MOSTAZA;702;M                   ;RAGSTYLE JEANS WEAR                     ;VESTIDO;RAGSTYLE                                ;PROMO RAGSTYLE JULIO AGOSTO 2021;VESTIDO LARGO MANGA CORTA               ;06/11/2024;NULL;2;0;0;NULL;NULL;NULL;NULL
TERMINAL DEL NORTE;PF31510886                                        ;7706718472896;VESTIDO MERLIN;CALIDAD TIPO B;0;S                   ;RAGSTYLE JEANS WEAR                     ;VESTIDO;RAGSTYLE                                ;PROMO RAGSTYLE JULIO AGOSTO 2021;VESTIDO LARGO MANGA CORTA               ;12/09/2024;01/11/2024;1;0;0;24/09/2021;12/09/2024;24/09/2021;24/09/2021
GUAYABAL 2;PF31510886                                        ;7706718472964;VESTIDO MERLIN;AMARILLO MOSTAZA;702;M                   ;RAGSTYLE JEANS WEAR                     ;VESTIDO;RAGSTYLE                                ;PROMO RAGSTYLE JULIO AGOSTO 2021;VESTIDO LARGO MANGA CORTA               ;25/07/2025;NULL;1;0;0;25/07/2025;25/07/2025;25/07/2025;25/07/2025
NUESTRO URABA;PF11511026                                        ;7706718473480;VESTIDO TROPICAL;BLANCO CRUDO;101;M                   ;TRENDS;VESTIDO;RAGGED                                  ;PROMO TEMPORADA ENERO 2022;VESTIDO CORTO MANGA LARGA               ;09/11/2021;13/11/2021;1;0;0;2/09/2021;9/11/2021;2/09/2021;2/09/2021
RIONEGRO;PF12320134                                        ;7706718475040;FALDA ENNA;VERDE MILITAR;305;6;GLAM WORDS;FALDA;RAGGED                                  ;PROMO TEMPORADA ENERO 2022;FALDA LARGA                             ;16/05/2022;28/06/2025;1;0;0;3/07/2021;16/05/2022;3/07/2021;3/07/2021
GUAYABAL 2;PF18120051                                        ;7706718475606;CAMISETA VALENCIA;ROJO PURO;600;XS                  ;TRENDS;CAMISETA;RAGGED                                  ;REFERENCIAS SIN FOTO OCTUBRE 2024;CAMISETA MANGA CORTA                    ;17/05/2024;25/07/2025;4;0;0;4/03/2024;17/05/2024;4/03/2024;4/03/2024
LA 65;PF18120051                                        ;7706718475606;CAMISETA VALENCIA;ROJO PURO;600;XS                  ;TRENDS;CAMISETA;RAGGED                                  ;REFERENCIAS SIN FOTO OCTUBRE 2024;CAMISETA MANGA CORTA                    ;23/07/2025;08/07/2025;4;0;0;3/02/2024;23/07/2025;3/02/2024;3/02/2024
PUENTE ARANDA;PF18120051                                        ;7706718475583;CAMISETA VALENCIA;ROJO PURO;600;S                   ;TRENDS;CAMISETA;RAGGED                                  ;REFERENCIAS SIN FOTO OCTUBRE 2024;CAMISETA MANGA CORTA                    ;16/10/2024;25/07/2025;5;0;0;28/12/2023;16/10/2024;28/12/2023;28/12/2023
LA 65;PF18120051                                        ;7706718475583;CAMISETA VALENCIA;ROJO PURO;600;S                   ;TRENDS;CAMISETA;RAGGED                                  ;REFERENCIAS SIN FOTO OCTUBRE 2024;CAMISETA MANGA CORTA                    ;23/09/2024;20/07/2025;7;0;0;3/02/2024;23/09/2024;3/02/2024;3/02/2024
PRODUCTO TERMINADO ECOMMERCE;PF18120051                                        ;7706718475606;CAMISETA VALENCIA;ROJO PURO;600;XS                  ;TRENDS;CAMISETA;RAGGED                                  ;REFERENCIAS SIN FOTO OCTUBRE 2024;CAMISETA MANGA CORTA                    ;28/12/2023;28/03/2025;2;0;0;28/12/2023;28/12/2023;28/12/2023;28/12/2023
PRODUCTO TERMINADO ECOMMERCE;PF18120051                                        ;7706718475583;CAMISETA VALENCIA;ROJO PURO;600;S                   ;TRENDS;CAMISETA;RAGGED                                  ;REFERENCIAS SIN FOTO OCTUBRE 2024;CAMISETA MANGA CORTA                    ;10/03/2025;31/03/2025;4;0;0;28/12/2023;10/03/2025;28/12/2023;28/12/2023
TERMINAL DEL NORTE;PF18120051                                        ;7706718475583;CAMISETA VALENCIA;ROJO PURO;600;S                   ;TRENDS;CAMISETA;RAGGED                                  ;REFERENCIAS SIN FOTO OCTUBRE 2024;CAMISETA MANGA CORTA                    ;25/07/2025;19/07/2025;2;0;0;14/03/2024;25/07/2025;14/03/2024;14/03/2024
TERMINAL DEL NORTE;PF18120051                                        ;7706718475552;CAMISETA VALENCIA;AZUL KLAIN;432;XS                  ;TRENDS;CAMISETA;RAGGED                                  ;REFERENCIAS SIN FOTO OCTUBRE 2024;CAMISETA MANGA CORTA                    ;25/07/2025;27/07/2025;4;0;0;7/04/2024;25/07/2025;7/04/2024;7/04/2024
PRODUCTO TERMINADO SEGUNDAS Y REMANENTES;PF18120051                                        ;7706718475439;CAMISETA VALENCIA;AZUL PURO;400;S                   ;TRENDS;CAMISETA;RAGGED                                  ;REFERENCIAS SIN FOTO OCTUBRE 2024;CAMISETA MANGA CORTA                    ;29/02/2024;05/01/2023;1;0;0;NULL;NULL;NULL;NULL
TERMINAL DEL NORTE;PF18120051                                        ;7706718475538;CAMISETA VALENCIA;AZUL KLAIN;432;S                   ;TRENDS;CAMISETA;RAGGED                                  ;REFERENCIAS SIN FOTO OCTUBRE 2024;CAMISETA MANGA CORTA                    ;25/07/2025;12/07/2025;4;0;0;14/03/2024;25/07/2025;14/03/2024;14/03/2024
PUENTE ARANDA;PF18120051                                        ;7706718475552;CAMISETA VALENCIA;AZUL KLAIN;432;XS                  ;TRENDS;CAMISETA;RAGGED                                  ;REFERENCIAS SIN FOTO OCTUBRE 2024;CAMISETA MANGA CORTA                    ;16/10/2024;25/07/2025;1;0;0;28/12/2023;16/10/2024;28/12/2023;28/12/2023
PUENTE ARANDA;PF18120051                                        ;7706718475538;CAMISETA VALENCIA;AZUL KLAIN;432;S                   ;TRENDS;CAMISETA;RAGGED                                  ;REFERENCIAS SIN FOTO OCTUBRE 2024;CAMISETA MANGA CORTA                    ;16/10/2024;25/07/2025;2;0;0;28/12/2023;16/10/2024;28/12/2023;28/12/2023
GUAYABAL 2;PF18120051                                        ;7706718475453;CAMISETA VALENCIA;AZUL PURO;400;XS                  ;TRENDS;CAMISETA;RAGGED                                  ;REFERENCIAS SIN FOTO OCTUBRE 2024;CAMISETA MANGA CORTA                    ;11/01/2025;01/06/2025;1;0;0;4/03/2024;11/01/2025;4/03/2024;4/03/2024
PUENTE ARANDA;PF18120051                                        ;7706718475453;CAMISETA VALENCIA;AZUL PURO;400;XS                  ;TRENDS;CAMISETA;RAGGED                                  ;REFERENCIAS SIN FOTO OCTUBRE 2024;CAMISETA MANGA CORTA                    ;25/07/2024;11/06/2025;1;0;0;28/12/2023;25/07/2024;28/12/2023;28/12/2023
PEREIRA PLAZA;PF18120051                                        ;7706718475552;CAMISETA VALENCIA;AZUL KLAIN;432;XS                  ;TRENDS;CAMISETA;RAGGED                                  ;REFERENCIAS SIN FOTO OCTUBRE 2024;CAMISETA MANGA CORTA                    ;28/12/2023;18/05/2025;1;0;0;28/12/2023;28/12/2023;28/12/2023;28/12/2023
VIVA CAUCASIA;PF18120051                                        ;7706718475538;CAMISETA VALENCIA;AZUL KLAIN;432;S                   ;TRENDS;CAMISETA;RAGGED                                  ;REFERENCIAS SIN FOTO OCTUBRE 2024;CAMISETA MANGA CORTA                    ;28/12/2023;09/05/2025;1;0;0;28/12/2023;28/12/2023;28/12/2023;28/12/2023
PRODUCTO TERMINADO ECOMMERCE;PF18120051                                        ;7706718475453;CAMISETA VALENCIA;AZUL PURO;400;XS                  ;TRENDS;CAMISETA;RAGGED                                  ;REFERENCIAS SIN FOTO OCTUBRE 2024;CAMISETA MANGA CORTA                    ;01/02/2025;16/11/2024;3;0;0;28/12/2023;1/02/2025;28/12/2023;28/12/2023
PRODUCTO TERMINADO ECOMMERCE;PF18120051                                        ;7706718475439;CAMISETA VALENCIA;AZUL PURO;400;S                   ;TRENDS;CAMISETA;RAGGED                                  ;REFERENCIAS SIN FOTO OCTUBRE 2024;CAMISETA MANGA CORTA                    ;26/12/2024;23/03/2025;1;0;0;28/12/2023;26/12/2024;28/12/2023;28/12/2023
PRODUCTO TERMINADO ECOMMERCE;PF18120051                                        ;7706718475507;CAMISETA VALENCIA;AZUL OSCURO;401;XS                  ;TRENDS;CAMISETA;RAGGED                                  ;REFERENCIAS SIN FOTO OCTUBRE 2024;CAMISETA MANGA CORTA                    ;01/02/2025;01/04/2025;3;0;0;28/12/2023;1/02/2025;28/12/2023;28/12/2023
PRODUCTO TERMINADO ECOMMERCE;PF18120051                                        ;7706718475484;CAMISETA VALENCIA;AZUL OSCURO;401;S                   ;TRENDS;CAMISETA;RAGGED                                  ;REFERENCIAS SIN FOTO OCTUBRE 2024;CAMISETA MANGA CORTA                    ;26/12/2024;01/04/2025;2;0;0;28/12/2023;26/12/2024;28/12/2023;28/12/2023
TERMINAL DEL NORTE;PF18120051                                        ;7706718475606;CAMISETA VALENCIA;ROJO PURO;600;XS                  ;TRENDS;CAMISETA;RAGGED                                  ;REFERENCIAS SIN FOTO OCTUBRE 2024;CAMISETA MANGA CORTA                    ;25/07/2025;16/07/2025;4;0;0;14/03/2024;25/07/2025;14/03/2024;14/03/2024
PRODUCTO TERMINADO ECOMMERCE;PF18120051                                        ;7706718475552;CAMISETA VALENCIA;AZUL KLAIN;432;XS                  ;TRENDS;CAMISETA;RAGGED                                  ;REFERENCIAS SIN FOTO OCTUBRE 2024;CAMISETA MANGA CORTA                    ;01/02/2025;28/03/2025;1;0;0;28/12/2023;1/02/2025;28/12/2023;28/12/2023
RIONEGRO;PF18120051                                        ;7706718475606;CAMISETA VALENCIA;ROJO PURO;600;XS                  ;TRENDS;CAMISETA;RAGGED                                  ;REFERENCIAS SIN FOTO OCTUBRE 2024;CAMISETA MANGA CORTA                    ;05/02/2024;31/05/2025;4;0;0;28/12/2023;5/02/2024;28/12/2023;28/12/2023
RIONEGRO;PF18120051                                        ;7706718475583;CAMISETA VALENCIA;ROJO PURO;600;S                   ;TRENDS;CAMISETA;RAGGED                                  ;REFERENCIAS SIN FOTO OCTUBRE 2024;CAMISETA MANGA CORTA                    ;05/02/2024;30/07/2025;9;0;0;28/12/2023;5/02/2024;28/12/2023;28/12/2023
RIONEGRO;PF18120051                                        ;7706718475552;CAMISETA VALENCIA;AZUL KLAIN;432;XS                  ;TRENDS;CAMISETA;RAGGED                                  ;REFERENCIAS SIN FOTO OCTUBRE 2024;CAMISETA MANGA CORTA                    ;05/02/2024;19/04/2025;2;0;0;28/12/2023;5/02/2024;28/12/2023;28/12/2023
RIONEGRO;PF18120051                                        ;7706718475538;CAMISETA VALENCIA;AZUL KLAIN;432;S                   ;TRENDS;CAMISETA;RAGGED                                  ;REFERENCIAS SIN FOTO OCTUBRE 2024;CAMISETA MANGA CORTA                    ;07/07/2025;30/07/2025;6;0;0;28/12/2023;7/07/2025;28/12/2023;28/12/2023
RIONEGRO;PF18120051                                        ;7706718475422;CAMISETA VALENCIA;AZUL PURO;400;M                   ;TRENDS;CAMISETA;RAGGED                                  ;REFERENCIAS SIN FOTO OCTUBRE 2024;CAMISETA MANGA CORTA                    ;05/02/2024;09/06/2025;1;0;0;28/12/2023;5/02/2024;28/12/2023;28/12/2023
RIONEGRO;PF18120051                                        ;7706718475484;CAMISETA VALENCIA;AZUL OSCURO;401;S                   ;TRENDS;CAMISETA;RAGGED                                  ;REFERENCIAS SIN FOTO OCTUBRE 2024;CAMISETA MANGA CORTA                    ;05/02/2024;30/07/2025;6;0;0;28/12/2023;5/02/2024;28/12/2023;28/12/2023
CONSIGNACION CAROLINA MACHADO;PF31510894                                        ;7706718476764;VESTIDO BRASILIA;COBRE;220;M                   ;RAGSTYLE;VESTIDO;RAGSTYLE                                ;PROMO RAGSTYLE SEPTIEMBRE;VESTIDO CORTO MANGA CORTA               ;11/02/2025;NULL;1;0;0;NULL;NULL;NULL;NULL
GUAYABAL 2;PF11310644                                        ;7706718477761;PANTALON ANTALYA;CALIDAD TIPO B;0;10;TRENDS;PANTALON;RAGGED                                  ;PROMO TEMPORADA ENERO 2022;PANTALON BOTA RECTA                     ;24/09/2021;29/11/2022;1;0;0;24/09/2021;24/09/2021;24/09/2021;24/09/2021
LA 65;PF11310644                                        ;7706718477839;PANTALON ANTALYA;BLANCO CRUDO;101;14;TRENDS;PANTALON;RAGGED                                  ;PROMO TEMPORADA ENERO 2022;PANTALON BOTA RECTA                     ;27/08/2022;09/01/2024;2;0;0;14/10/2021;27/08/2022;14/10/2021;14/10/2021
PRODUCTO TERMINADO SEGUNDAS Y REMANENTES;PF11310644                                        ;7706718477853;PANTALON ANTALYA;BLANCO CRUDO;101;8;TRENDS;PANTALON;RAGGED                                  ;PROMO TEMPORADA ENERO 2022;PANTALON BOTA RECTA                     ;31/07/2025;12/08/2024;1;0;0;NULL;NULL;NULL;NULL
CONSIGNACION CAROLINA MACHADO;PF12320135                                        ;7706718478423;FALDA CORUNA;ROSADO PALO DE ROSA;685;8;RAGGED;FALDA;RAGGED                                  ;PROMO TEMPORADA ENERO 2022;FALDA LARGA                             ;06/11/2024;30/04/2022;1;0;0;NULL;NULL;NULL;NULL
CONSIGNACION CAROLINA MACHADO;PF11511032                                        ;7706718478225;VESTIDO ROTERDAM;AZUL OSCURO;401;M                   ;RAGGED;VESTIDO;RAGGED                                  ;PROMO TEMPORADA ENERO 2022;VESTIDO CORTO MANGA CORTA               ;01/11/2024;NULL;1;0;0;NULL;NULL;NULL;NULL
PRODUCTO TERMINADO SEGUNDAS Y REMANENTES;PF11112253                                        ;7706718478508;BLUSA HUDSON;BLANCO CRUDO;101;S                   ;TRENDS;CAMISA;RAGGED                                  ;PROMO TEMPORADA ENERO 2022;CAMISA MANGA CORTA                      ;05/01/2023;18/01/2023;1;0;0;NULL;NULL;NULL;NULL
ORQUIDEA PLAZA;PF13120504                                        ;7706718479352;CROP TOP RESORTADO;NEGRO;1;XS                  ;RAGGED;CAMISETA;RAGGED                                  ;MARZO RAGGED C1 2025;TOPS                                    ;22/05/2025;02/04/2025;1;0;0;14/08/2021;22/05/2025;14/08/2021;14/08/2021
ORQUIDEA PLAZA;PF13120504                                        ;7706718479390;CROP TOP RESORTADO;BLANCO CRUDO;101;XS                  ;RAGGED;CAMISETA;RAGGED                                  ;MARZO RAGGED C1 2025;TOPS                                    ;22/05/2025;12/06/2025;1;0;0;14/08/2021;22/05/2025;14/08/2021;14/08/2021
SANTA LUCIA;PF13120504                                        ;7706718479383;CROP TOP RESORTADO;BLANCO CRUDO;101;S                   ;RAGGED;CAMISETA;RAGGED                                  ;MARZO RAGGED C1 2025;TOPS                                    ;28/02/2025;30/08/2021;2;0;0;14/08/2021;28/02/2025;14/08/2021;14/08/2021
GUAYABAL 2;PF13120504                                        ;7706718479314;CROP TOP RESORTADO;CALIDAD TIPO B;0;XS                  ;RAGGED;CAMISETA;RAGGED                                  ;MARZO RAGGED C1 2025;TOPS                                    ;26/06/2025;03/07/2025;1;0;0;18/12/2021;26/06/2025;18/12/2021;18/12/2021
GUAYABAL 2;PF13120504                                        ;7706718479307;CROP TOP RESORTADO;CALIDAD TIPO B;0;S                   ;RAGGED;CAMISETA;RAGGED                                  ;MARZO RAGGED C1 2025;TOPS                                    ;24/04/2025;03/06/2025;2;0;0;28/12/2021;24/04/2025;28/12/2021;28/12/2021
GUAYABAL 2;PF13120504                                        ;7706718479291;CROP TOP RESORTADO;CALIDAD TIPO B;0;M                   ;RAGGED;CAMISETA;RAGGED                                  ;MARZO RAGGED C1 2025;TOPS                                    ;24/04/2025;09/07/2025;1;0;0;27/09/2021;24/04/2025;27/09/2021;27/09/2021
LA 65;PF13120504                                        ;7706718479352;CROP TOP RESORTADO;NEGRO;1;XS                  ;RAGGED;CAMISETA;RAGGED                                  ;MARZO RAGGED C1 2025;TOPS                                    ;25/07/2025;24/07/2025;2;0;0;7/09/2021;25/07/2025;7/09/2021;7/09/2021
LA 65;PF13120504                                        ;7706718479345;CROP TOP RESORTADO;NEGRO;1;S                   ;RAGGED;CAMISETA;RAGGED                                  ;MARZO RAGGED C1 2025;TOPS                                    ;09/07/2025;24/07/2025;1;0;0;25/08/2021;9/07/2025;25/08/2021;25/08/2021
LA 65;PF13120504                                        ;7706718479338;CROP TOP RESORTADO;NEGRO;1;M                   ;RAGGED;CAMISETA;RAGGED                                  ;MARZO RAGGED C1 2025;TOPS                                    ;25/07/2025;24/07/2025;1;0;0;25/08/2021;25/07/2025;25/08/2021;25/08/2021
LA 65;PF13120504                                        ;7706718479321;CROP TOP RESORTADO;NEGRO;1;L                   ;RAGGED;CAMISETA;RAGGED                                  ;MARZO RAGGED C1 2025;TOPS                                    ;09/07/2025;24/07/2025;1;0;0;7/09/2021;9/07/2025;7/09/2021;7/09/2021
UNICO CALI;PF13120504                                        ;7706718479390;CROP TOP RESORTADO;BLANCO CRUDO;101;XS                  ;RAGGED;CAMISETA;RAGGED                                  ;MARZO RAGGED C1 2025;TOPS                                    ;28/02/2025;08/05/2025;1;0;0;14/08/2021;28/02/2025;14/08/2021;14/08/2021
UNICO CALI;PF13120504                                        ;7706718479376;CROP TOP RESORTADO;BLANCO CRUDO;101;M                   ;RAGGED;CAMISETA;RAGGED                                  ;MARZO RAGGED C1 2025;TOPS                                    ;30/07/2025;26/07/2025;2;0;0;14/08/2021;30/07/2025;14/08/2021;14/08/2021
LA 65;PF13120504                                        ;7706718479376;CROP TOP RESORTADO;BLANCO CRUDO;101;M                   ;RAGGED;CAMISETA;RAGGED                                  ;MARZO RAGGED C1 2025;TOPS                                    ;09/07/2025;24/07/2025;3;0;0;28/09/2021;9/07/2025;28/09/2021;28/09/2021
PUERTA DEL NORTE;PF13120504                                        ;7706718479383;CROP TOP RESORTADO;BLANCO CRUDO;101;S                   ;RAGGED;CAMISETA;RAGGED                                  ;MARZO RAGGED C1 2025;TOPS                                    ;28/02/2025;23/03/2025;2;0;0;14/08/2021;28/02/2025;14/08/2021;14/08/2021
TESORO;PF13120504                                        ;7706718479345;CROP TOP RESORTADO;NEGRO;1;S                   ;RAGGED;CAMISETA;RAGGED                                  ;MARZO RAGGED C1 2025;TOPS                                    ;28/02/2025;04/03/2025;2;0;0;14/08/2021;28/02/2025;14/08/2021;14/08/2021
TESORO;PF13120504                                        ;7706718479338;CROP TOP RESORTADO;NEGRO;1;M                   ;RAGGED;CAMISETA;RAGGED                                  ;MARZO RAGGED C1 2025;TOPS                                    ;28/02/2025;14/03/2025;2;0;0;14/08/2021;28/02/2025;14/08/2021;14/08/2021
PRODUCTO TERMINADO SEGUNDAS Y REMANENTES;PF13120504                                        ;7706718479383;CROP TOP RESORTADO;BLANCO CRUDO;101;S                   ;RAGGED;CAMISETA;RAGGED                                  ;MARZO RAGGED C1 2025;TOPS                                    ;01/07/2025;21/04/2025;1;0;0;NULL;NULL;NULL;NULL
CAMINO REAL ll;PF13120504                                        ;7706718479376;CROP TOP RESORTADO;BLANCO CRUDO;101;M                   ;RAGGED;CAMISETA;RAGGED                                  ;MARZO RAGGED C1 2025;TOPS                                    ;28/02/2025;21/04/2025;1;0;0;14/08/2021;28/02/2025;14/08/2021;14/08/2021
PRODUCTO TERMINADO SEGUNDAS Y REMANENTES;PF13120504                                        ;7706718479369;CROP TOP RESORTADO;BLANCO CRUDO;101;L                   ;RAGGED;CAMISETA;RAGGED                                  ;MARZO RAGGED C1 2025;TOPS                                    ;01/07/2025;21/04/2025;1;0;0;NULL;NULL;NULL;NULL
PLAZA DEL PARQUE;PF13120504                                        ;7706718479383;CROP TOP RESORTADO;BLANCO CRUDO;101;S                   ;RAGGED;CAMISETA;RAGGED                                  ;MARZO RAGGED C1 2025;TOPS                                    ;14/05/2025;24/05/2025;2;0;0;14/08/2021;14/05/2025;14/08/2021;14/08/2021
FRANQUICIAS;PF13120504                                        ;7706718479383;CROP TOP RESORTADO;BLANCO CRUDO;101;S                   ;RAGGED;CAMISETA;RAGGED                                  ;MARZO RAGGED C1 2025;TOPS                                    ;07/03/2025;20/07/2025;1;0;0;14/08/2021;7/03/2025;14/08/2021;14/08/2021
PLAZA DEL PARQUE;PF13120504                                        ;7706718479376;CROP TOP RESORTADO;BLANCO CRUDO;101;M                   ;RAGGED;CAMISETA;RAGGED                                  ;MARZO RAGGED C1 2025;TOPS                                    ;28/02/2025;30/06/2025;1;0;0;14/08/2021;28/02/2025;14/08/2021;14/08/2021
PLAZA DEL PARQUE;PF13120504                                        ;7706718479369;CROP TOP RESORTADO;BLANCO CRUDO;101;L                   ;RAGGED;CAMISETA;RAGGED                                  ;MARZO RAGGED C1 2025;TOPS                                    ;28/02/2025;14/05/2025;1;0;0;14/08/2021;28/02/2025;14/08/2021;14/08/2021
FRANQUICIAS;PF13120504                                        ;7706718479369;CROP TOP RESORTADO;BLANCO CRUDO;101;L                   ;RAGGED;CAMISETA;RAGGED                                  ;MARZO RAGGED C1 2025;TOPS                                    ;28/02/2025;18/07/2025;1;0;0;14/08/2021;28/02/2025;14/08/2021;14/08/2021
PUERTA DEL NORTE;PF13120504                                        ;7706718479376;CROP TOP RESORTADO;BLANCO CRUDO;101;M                   ;RAGGED;CAMISETA;RAGGED                                  ;MARZO RAGGED C1 2025;TOPS                                    ;28/02/2025;09/03/2025;1;0;0;14/08/2021;28/02/2025;14/08/2021;14/08/2021
NUESTRO ATLANTICO;PF13120504                                        ;7706718479345;CROP TOP RESORTADO;NEGRO;1;S                   ;RAGGED;CAMISETA;RAGGED                                  ;MARZO RAGGED C1 2025;TOPS                                    ;29/07/2025;NULL;3;0;0;29/07/2025;29/07/2025;29/07/2025;29/07/2025
JARDIN PLAZA;PF13120504                                        ;7706718479345;CROP TOP RESORTADO;NEGRO;1;S                   ;RAGGED;CAMISETA;RAGGED                                  ;MARZO RAGGED C1 2025;TOPS                                    ;28/02/2025;23/04/2025;1;0;0;14/08/2021;28/02/2025;14/08/2021;14/08/2021
PRODUCTO TERMINADO RAGGED;PF13120504                                        ;7706718479338;CROP TOP RESORTADO;NEGRO;1;M                   ;RAGGED;CAMISETA;RAGGED                                  ;MARZO RAGGED C1 2025;TOPS                                    ;26/07/2025;28/02/2025;48;0;0;27/07/2021;26/07/2025;27/07/2021;27/07/2021
MAYORCA;PF13120504                                        ;7706718479321;CROP TOP RESORTADO;NEGRO;1;L                   ;RAGGED;CAMISETA;RAGGED                                  ;MARZO RAGGED C1 2025;TOPS                                    ;28/02/2025;25/04/2025;1;0;0;14/08/2021;28/02/2025;14/08/2021;14/08/2021
PRODUCTO TERMINADO RAGGED;PF13120504                                        ;7706718479321;CROP TOP RESORTADO;NEGRO;1;L                   ;RAGGED;CAMISETA;RAGGED                                  ;MARZO RAGGED C1 2025;TOPS                                    ;24/07/2025;28/02/2025;18;0;0;27/07/2021;24/07/2025;27/07/2021;27/07/2021
PRODUCTO TERMINADO RAGGED;PF13120504                                        ;7706718479390;CROP TOP RESORTADO;BLANCO CRUDO;101;XS                  ;RAGGED;CAMISETA;RAGGED                                  ;MARZO RAGGED C1 2025;TOPS                                    ;26/07/2025;28/02/2025;10;0;0;27/07/2021;26/07/2025;27/07/2021;27/07/2021
PRODUCTO TERMINADO RAGGED;PF13120504                                        ;7706718479383;CROP TOP RESORTADO;BLANCO CRUDO;101;S                   ;RAGGED;CAMISETA;RAGGED                                  ;MARZO RAGGED C1 2025;TOPS                                    ;26/07/2025;28/02/2025;22;0;0;27/07/2021;26/07/2025;27/07/2021;27/07/2021
PRODUCTO TERMINADO RAGGED;PF13120504                                        ;7706718479376;CROP TOP RESORTADO;BLANCO CRUDO;101;M                   ;RAGGED;CAMISETA;RAGGED                                  ;MARZO RAGGED C1 2025;TOPS                                    ;24/07/2025;28/02/2025;18;0;0;27/07/2021;24/07/2025;27/07/2021;27/07/2021
PRODUCTO TERMINADO RAGGED;PF13120504                                        ;7706718479369;CROP TOP RESORTADO;BLANCO CRUDO;101;L                   ;RAGGED;CAMISETA;RAGGED                                  ;MARZO RAGGED C1 2025;TOPS                                    ;26/07/2025;28/02/2025;14;0;0;27/07/2021;26/07/2025;27/07/2021;27/07/2021
NUESTRO ATLANTICO;PF13120504                                        ;7706718479338;CROP TOP RESORTADO;NEGRO;1;M                   ;RAGGED;CAMISETA;RAGGED                                  ;MARZO RAGGED C1 2025;TOPS                                    ;29/07/2025;07/12/2021;3;0;0;11/11/2021;29/07/2025;11/11/2021;11/11/2021
NUESTRO ATLANTICO;PF13120504                                        ;7706718479321;CROP TOP RESORTADO;NEGRO;1;L                   ;RAGGED;CAMISETA;RAGGED                                  ;MARZO RAGGED C1 2025;TOPS                                    ;29/07/2025;04/12/2021;2;0;0;11/11/2021;29/07/2025;11/11/2021;11/11/2021
NUESTRO URABA;PF13120504                                        ;7706718479321;CROP TOP RESORTADO;NEGRO;1;L                   ;RAGGED;CAMISETA;RAGGED                                  ;MARZO RAGGED C1 2025;TOPS                                    ;13/03/2025;18/07/2025;2;0;0;14/08/2021;13/03/2025;14/08/2021;14/08/2021
LA 35;PF13120504                                        ;7706718479352;CROP TOP RESORTADO;NEGRO;1;XS                  ;RAGGED;CAMISETA;RAGGED                                  ;MARZO RAGGED C1 2025;TOPS                                    ;03/07/2025;21/07/2025;1;0;0;17/09/2021;3/07/2025;17/09/2021;17/09/2021
PRODUCTO TERMINADO RAGGED;PF13120504                                        ;7706718479352;CROP TOP RESORTADO;NEGRO;1;XS                  ;RAGGED;CAMISETA;RAGGED                                  ;MARZO RAGGED C1 2025;TOPS                                    ;26/07/2025;28/02/2025;25;0;0;27/07/2021;26/07/2025;27/07/2021;27/07/2021
UNICO BUCARAMANGA;PF13120504                                        ;7706718479352;CROP TOP RESORTADO;NEGRO;1;XS                  ;RAGGED;CAMISETA;RAGGED                                  ;MARZO RAGGED C1 2025;TOPS                                    ;28/02/2025;NULL;1;0;0;28/02/2025;28/02/2025;28/02/2025;28/02/2025
LA 35;PF13120504                                        ;7706718479345;CROP TOP RESORTADO;NEGRO;1;S                   ;RAGGED;CAMISETA;RAGGED                                  ;MARZO RAGGED C1 2025;TOPS                                    ;03/07/2025;21/07/2025;2;0;0;2/05/2025;3/07/2025;2/05/2025;2/05/2025
PRODUCTO TERMINADO RAGGED;PF13120504                                        ;7706718479345;CROP TOP RESORTADO;NEGRO;1;S                   ;RAGGED;CAMISETA;RAGGED                                  ;MARZO RAGGED C1 2025;TOPS                                    ;26/07/2025;28/02/2025;42;0;0;27/07/2021;26/07/2025;27/07/2021;27/07/2021
NUESTRO ATLANTICO;PF13120504                                        ;7706718479352;CROP TOP RESORTADO;NEGRO;1;XS                  ;RAGGED;CAMISETA;RAGGED                                  ;MARZO RAGGED C1 2025;TOPS                                    ;29/07/2025;NULL;1;0;0;29/07/2025;29/07/2025;29/07/2025;29/07/2025
FRANQUICIAS;PF13120504                                        ;7706718479352;CROP TOP RESORTADO;NEGRO;1;XS                  ;RAGGED;CAMISETA;RAGGED                                  ;MARZO RAGGED C1 2025;TOPS                                    ;27/06/2025;20/07/2025;1;0;0;14/08/2021;27/06/2025;14/08/2021;14/08/2021
PEREIRA PLAZA;PF13120504                                        ;7706718479345;CROP TOP RESORTADO;NEGRO;1;S                   ;RAGGED;CAMISETA;RAGGED                                  ;MARZO RAGGED C1 2025;TOPS                                    ;28/02/2025;15/05/2025;1;0;0;14/08/2021;28/02/2025;14/08/2021;14/08/2021
FRANQUICIAS;PF13120504                                        ;7706718479338;CROP TOP RESORTADO;NEGRO;1;M                   ;RAGGED;CAMISETA;RAGGED                                  ;MARZO RAGGED C1 2025;TOPS                                    ;28/02/2025;20/07/2025;1;0;0;14/08/2021;28/02/2025;14/08/2021;14/08/2021
PEREIRA PLAZA;PF13120504                                        ;7706718479321;CROP TOP RESORTADO;NEGRO;1;L                   ;RAGGED;CAMISETA;RAGGED                                  ;MARZO RAGGED C1 2025;TOPS                                    ;22/06/2025;22/06/2025;1;0;0;14/08/2021;22/06/2025;14/08/2021;14/08/2021
PRODUCTO TERMINADO RAGGED;PF13120504                                        ;7703844245134;CROP TOP RESORTADO;NARANJA MELON;815;XS                  ;RAGGED;CAMISETA;RAGGED                                  ;MARZO RAGGED C1 2025;TOPS                                    ;26/07/2025;28/02/2025;36;0;0;28/02/2025;26/07/2025;28/02/2025;28/02/2025
UNICO BUCARAMANGA;PF13120504                                        ;7703844245134;CROP TOP RESORTADO;NARANJA MELON;815;XS                  ;RAGGED;CAMISETA;RAGGED                                  ;MARZO RAGGED C1 2025;TOPS                                    ;28/02/2025;NULL;1;0;0;28/02/2025;28/02/2025;28/02/2025;28/02/2025
PRODUCTO TERMINADO RAGGED;PF13120504                                        ;7703844245127;CROP TOP RESORTADO;NARANJA MELON;815;S                   ;RAGGED;CAMISETA;RAGGED                                  ;MARZO RAGGED C1 2025;TOPS                                    ;26/07/2025;28/02/2025;63;0;0;28/02/2025;26/07/2025;28/02/2025;28/02/2025
PRODUCTO TERMINADO RAGGED;PF13120504                                        ;7703844245110;CROP TOP RESORTADO;NARANJA MELON;815;M                   ;RAGGED;CAMISETA;RAGGED                                  ;MARZO RAGGED C1 2025;TOPS                                    ;26/07/2025;28/02/2025;59;0;0;28/02/2025;26/07/2025;28/02/2025;28/02/2025
PRODUCTO TERMINADO RAGGED;PF13120504                                        ;7703844245103;CROP TOP RESORTADO;NARANJA MELON;815;L                   ;RAGGED;CAMISETA;RAGGED                                  ;MARZO RAGGED C1 2025;TOPS                                    ;24/07/2025;28/02/2025;30;0;0;28/02/2025;24/07/2025;28/02/2025;28/02/2025
PRODUCTO TERMINADO;PF13120504                                        ;7703844245134;CROP TOP RESORTADO;NARANJA MELON;815;XS                  ;RAGGED;CAMISETA;RAGGED                                  ;MARZO RAGGED C1 2025;TOPS                                    ;30/04/2025;28/02/2025;1;0;0;NULL;NULL;NULL;NULL
SANTA LUCIA;PF13120504                                        ;7703844245110;CROP TOP RESORTADO;NARANJA MELON;815;M                   ;RAGGED;CAMISETA;RAGGED                                  ;MARZO RAGGED C1 2025;TOPS                                    ;28/02/2025;NULL;2;0;0;28/02/2025;28/02/2025;28/02/2025;28/02/2025
SANTA LUCIA;PF13120504                                        ;7703844245103;CROP TOP RESORTADO;NARANJA MELON;815;L                   ;RAGGED;CAMISETA;RAGGED                                  ;MARZO RAGGED C1 2025;TOPS                                    ;28/02/2025;NULL;1;0;0;28/02/2025;28/02/2025;28/02/2025;28/02/2025
TESORO;PF13120504                                        ;7703844245110;CROP TOP RESORTADO;NARANJA MELON;815;M                   ;RAGGED;CAMISETA;RAGGED                                  ;MARZO RAGGED C1 2025;TOPS                                    ;28/02/2025;15/03/2025;2;0;0;28/02/2025;28/02/2025;28/02/2025;28/02/2025
PRODUCTO TERMINADO SEGUNDAS Y REMANENTES;PF13120504                                        ;7703844245110;CROP TOP RESORTADO;NARANJA MELON;815;M                   ;RAGGED;CAMISETA;RAGGED                                  ;MARZO RAGGED C1 2025;TOPS                                    ;03/06/2025;NULL;1;0;0;NULL;NULL;NULL;NULL
NUESTRO URABA;PF13120504                                        ;7703844245110;CROP TOP RESORTADO;NARANJA MELON;815;M                   ;RAGGED;CAMISETA;RAGGED                                  ;MARZO RAGGED C1 2025;TOPS                                    ;28/02/2025;18/07/2025;1;0;0;28/02/2025;28/02/2025;28/02/2025;28/02/2025
TESORO;PF13120504                                        ;7703844245134;CROP TOP RESORTADO;NARANJA MELON;815;XS                  ;RAGGED;CAMISETA;RAGGED                                  ;MARZO RAGGED C1 2025;TOPS                                    ;28/02/2025;NULL;1;0;0;28/02/2025;28/02/2025;28/02/2025;28/02/2025
TESORO;PF13120504                                        ;7703844245127;CROP TOP RESORTADO;NARANJA MELON;815;S                   ;RAGGED;CAMISETA;RAGGED                                  ;MARZO RAGGED C1 2025;TOPS                                    ;28/02/2025;25/03/2025;1;0;0;28/02/2025;28/02/2025;28/02/2025;28/02/2025
LA 65;PF13120504                                        ;7703844245127;CROP TOP RESORTADO;NARANJA MELON;815;S                   ;RAGGED;CAMISETA;RAGGED                                  ;MARZO RAGGED C1 2025;TOPS                                    ;10/07/2025;24/07/2025;2;0;0;14/04/2025;10/07/2025;14/04/2025;14/04/2025
LA 65;PF13120504                                        ;7703844245103;CROP TOP RESORTADO;NARANJA MELON;815;L                   ;RAGGED;CAMISETA;RAGGED                                  ;MARZO RAGGED C1 2025;TOPS                                    ;10/07/2025;24/07/2025;1;0;0;19/05/2025;10/07/2025;19/05/2025;19/05/2025
INSUMOS;IE230027                                          ;N/A;ETIQUETA KRAFT FOR ME TOO CODIGOS BARRA;GENERICO;GEN                 ;GEN                 ;N/A;N/A;N/A;NA;N/A;08/05/2025;12/06/2025;264;0;0;NULL;NULL;NULL;NULL
CONSIGNACION CAROLINA MACHADO;PF31320206                                        ;7706718481409;FALDA BAIKAL;NEGRO;1;8;RAGSTYLE;FALDA;RAGSTYLE                                ;PROMO RAGSTYLE JULIO AGOSTO 2021;FALDA LARGA                             ;01/11/2024;NULL;1;0;0;NULL;NULL;NULL;NULL
CONSIGNACION CAROLINA MACHADO;PF31112469                                        ;7706718481676;BLUSA BAIKAL;BLANCO CRUDO;101;S                   ;RAGSTYLE;CAMISA;RAGSTYLE                                ;PROMO RAGSTYLE JULIO AGOSTO 2021;CAMISA MANGA CORTA                      ;21/05/2024;NULL;2;0;0;NULL;NULL;NULL;NULL
CONSIGNACION CAROLINA MACHADO;PF31510899                                        ;7706718482246;VESTIDO DAFNE;AMARILLO MOSTAZA;702;S                   ;RAGSTYLE;VESTIDO;RAGSTYLE                                ;COLECCION RAGSTYLE;VESTIDO CORTO MANGA 3/4                 ;07/02/2025;NULL;2;0;0;NULL;NULL;NULL;NULL
PRODUCTO TERMINADO SEGUNDAS Y REMANENTES;PF31510899                                        ;7706718482246;VESTIDO DAFNE;AMARILLO MOSTAZA;702;S                   ;RAGSTYLE;VESTIDO;RAGSTYLE                                ;COLECCION RAGSTYLE;VESTIDO CORTO MANGA 3/4                 ;22/02/2022;07/02/2025;1;0;0;NULL;NULL;NULL;NULL
NUESTRO URABA;PF11120944                                        ;7706718482420;BLUSA DINAMARCA;VERDE SALVIA;360;M                   ;TRENDS;CAMISETA;RAGGED                                  ;PROMO TEMPORADA ENERO 2022;CAMISETA MANGA LARGA                    ;02/08/2021;08/11/2021;1;0;0;2/08/2021;2/08/2021;2/08/2021;2/08/2021
CONSIGNACION CAROLINA MACHADO;PF31112467                                        ;7706718482567;BLUSA KENIA;BLANCO CRUDO;101;S                   ;RAGSTYLE;CAMISA;RAGSTYLE                                ;PROMOCION RAGSTYLE SEPTIEMBRE;CAMISA DE TIRAS                         ;01/11/2024;08/11/2024;1;0;0;NULL;NULL;NULL;NULL
GUAYABAL 2;PF11120945                                        ;7706718483601;CAMISETA NAVAN;CALIDAD TIPO B;0;XS                  ;TRENDS;CAMISETA;RAGGED                                  ;PROMO TEMPORADA ENERO 2022;CAMISETA MANGA CORTA                    ;08/02/2022;NULL;1;0;0;8/02/2022;8/02/2022;8/02/2022;8/02/2022
CONSIGNACION CAROLINA MACHADO;PF13120502                                        ;7706718483854;BODY GENOVA;BLANCO CRUDO;101;XS                  ;RAGGED;BODY;RAGGED                                  ;PROMO TEMPORADA ENERO 2022;BODY                                    ;20/08/2024;24/12/2024;1;0;0;NULL;NULL;NULL;NULL
PRODUCTO TERMINADO SEGUNDAS Y REMANENTES;PF13120502                                        ;7706718483830;BODY GENOVA;BLANCO CRUDO;101;S                   ;RAGGED;BODY;RAGGED                                  ;PROMO TEMPORADA ENERO 2022;BODY                                    ;14/11/2024;14/11/2024;1;0;0;NULL;NULL;NULL;NULL
CONSIGNACION CAROLINA MACHADO;PF13120502                                        ;7706718483953;BODY GENOVA;LILA;502;XS                  ;RAGGED;BODY;RAGGED                                  ;PROMO TEMPORADA ENERO 2022;BODY                                    ;20/08/2024;29/12/2021;1;0;0;NULL;NULL;NULL;NULL
PRODUCTO TERMINADO SEGUNDAS Y REMANENTES;PF31510903                                        ;7706718484066;VESTIDO BRYCE;COBRE;220;M                   ;RAGSTYLE;VESTIDO;RAGSTYLE                                ;PROMO RAGSTYLE SEPTIEMBRE;VESTIDO LARGO MANGA 3/4                 ;22/02/2022;15/02/2023;1;0;0;NULL;NULL;NULL;NULL
UNICO BARRANQUILLA;PF35350181                                        ;7706718484578;JEANS VALENCIA;AZUL MEDIO;420;12;RAGSTYLE INDIGO                         ;JEANS;RAGSTYLE                                ;PROMOCION RAGSTYLE SEPTIEMBRE;JEANS BOTA TUBO                         ;11/04/2023;27/05/2025;2;0;0;5/12/2021;11/04/2023;5/12/2021;5/12/2021
CONSIGNACION CAROLINA MACHADO;PF31510908                                        ;7706718486046;VESTIDO LAURENT;CAFE CARAMELO;202;M                   ;RAGSTYLE;VESTIDO;RAGSTYLE                                ;SEPTIEMBRE RAGSTYLE ECOMMERCE 2022;VESTIDO CORTO MANGA SISA                ;01/11/2024;10/02/2023;1;0;0;NULL;NULL;NULL;NULL
CONSIGNACION CAROLINA MACHADO;PF31510908                                        ;7706718486060;VESTIDO LAURENT;CAFE CARAMELO;202;XL                  ;RAGSTYLE;VESTIDO;RAGSTYLE                                ;SEPTIEMBRE RAGSTYLE ECOMMERCE 2022;VESTIDO CORTO MANGA SISA                ;09/08/2024;05/07/2023;1;0;0;NULL;NULL;NULL;NULL
CONSIGNACION CAROLINA MACHADO;PF31510908                                        ;7706718486091;VESTIDO LAURENT;VERDE MILITAR;305;S                   ;RAGSTYLE;VESTIDO;RAGSTYLE                                ;SEPTIEMBRE RAGSTYLE ECOMMERCE 2022;VESTIDO CORTO MANGA SISA                ;11/02/2025;22/04/2023;2;0;0;NULL;NULL;NULL;NULL
INSUMOS;IS290050                                          ;N/A;MARQUILLA RS AND COMFY SUP;GENERICO;GEN                 ;L                   ;N/A;N/A;N/A;NA;N/A;18/07/2025;22/07/2025;6473;0;441;NULL;NULL;NULL;NULL
INSUMOS;IS290050                                          ;N/A;MARQUILLA RS AND COMFY SUP;GENERICO;GEN                 ;M                   ;N/A;N/A;N/A;NA;N/A;18/07/2025;22/07/2025;3370;0;669;NULL;NULL;NULL;NULL
INSUMOS;IS290050                                          ;N/A;MARQUILLA RS AND COMFY SUP;GENERICO;GEN                 ;S                   ;N/A;N/A;N/A;NA;N/A;18/07/2025;22/07/2025;3745;0;669;NULL;NULL;NULL;NULL
INSUMOS;IS290050                                          ;N/A;MARQUILLA RS AND COMFY SUP;GENERICO;GEN                 ;XL                  ;N/A;N/A;N/A;NA;N/A;06/06/2025;14/03/2025;15056;0;0;NULL;NULL;NULL;NULL
INSUMOS;IS290050                                          ;N/A;MARQUILLA RS AND COMFY SUP;GENERICO;GEN                 ;XS                  ;N/A;N/A;N/A;NA;N/A;18/07/2025;22/07/2025;4228;0;391;NULL;NULL;NULL;NULL
INSUMOS;IS290050                                          ;N/A;MARQUILLA RS AND COMFY SUP;GENERICO;GEN                 ;XXS                 ;N/A;N/A;N/A;NA;N/A;22/06/2023;NULL;382;0;0;NULL;NULL;NULL;NULL
INSUMOS;IE230036                                          ;N/A;ETIQUETA RS AND COMFY;GENERICO;GEN                 ;GEN                 ;N/A;N/A;N/A;JUNIO RAGGED 2023;N/A;28/07/2025;22/07/2025;17400;0;2170;NULL;NULL;NULL;NULL
CONSIGNACION CAROLINA MACHADO;PF13120506                                        ;7706718488552;BLUSA GLAMOUR;BLANCO CRUDO;101;XS                  ;RAGGED;CAMISETA;RAGGED                                  ;NOVIEMBRE RAGGED C1 2021;CAMISETA MANGA 3/4                      ;12/08/2024;06/03/2025;1;0;0;NULL;NULL;NULL;NULL
CONSIGNACION CAROLINA MACHADO;PF13120506                                        ;7706718570530;BLUSA GLAMOUR;ROSADO PALO DE ROSA;685;S                   ;RAGGED;CAMISETA;RAGGED                                  ;NOVIEMBRE RAGGED C1 2021;CAMISETA MANGA 3/4                      ;21/05/2024;NULL;1;0;0;NULL;NULL;NULL;NULL
PRODUCTO TERMINADO SEGUNDAS Y REMANENTES;PF13120507                                        ;7706718488804;TOP ATENEA;COBRE;220;S                   ;RAGGED;CAMISETA;RAGGED                                  ;ECOMMERCE PROMO SEPTIEMBRE 2022;CAMISETA  DE TIRA                       ;28/07/2023;11/12/2021;1;0;0;NULL;NULL;NULL;NULL
CONSIGNACION CAROLINA MACHADO;PF11112264                                        ;7706718487708;BLUSA MINDY;ROJO PERSA;612;S                   ;TRENDS;CAMISA;RAGGED                                  ;PROMO AB 2022;CAMISA MANGA CORTA                      ;11/02/2025;NULL;2;0;0;NULL;NULL;NULL;NULL
RIONEGRO;PF31320209                                        ;7706718488064;FALDA ANIKA;AMARILLO MOSTAZA;702;8;RAGSTYLE;FALDA;RAGSTYLE                                ;PROMOCION RAGSTYLE SEPTIEMBRE;FALDA LARGA                             ;06/04/2022;19/05/2025;3;0;0;6/04/2022;6/04/2022;6/04/2022;6/04/2022
CONSIGNACION CAROLINA MACHADO;PF31112476                                        ;7706718489658;BLUSA BOSNIA;NEGRO;1;S                   ;RAGSTYLE;CAMISA;RAGSTYLE                                ;PROMO RAGSTYLE JULIO AGOSTO 2021;CAMISA MANGA CORTA                      ;21/05/2024;NULL;1;0;0;NULL;NULL;NULL;NULL
CONSIGNACION CAROLINA MACHADO;PF31120968                                        ;7706718489023;CAMISETA TROPICAL;AZUL OSCURO;401;S                   ;RAGSTYLE;CAMISETA;RAGSTYLE                                ;PROMO RAGSTYLE JULIO AGOSTO 2021;CAMISETA MANGA CORTA                    ;21/05/2024;NULL;1;0;0;NULL;NULL;NULL;NULL
NUESTRO URABA;PF11511040                                        ;7706718490159;VESTIDO MESTRE;ROJO OSCURO;601;S                   ;TRENDS;VESTIDO;RAGGED                                  ;PROMO AB 2022;VESTIDO CORTO DE TIRAS                  ;28/09/2021;24/10/2021;1;0;0;28/09/2021;28/09/2021;28/09/2021;28/09/2021
CONSIGNACION CAROLINA MACHADO;PF13120513                                        ;7706718490470;TOP GENOVA;AZUL CLARO;450;M                   ;RAGGED;CAMISETA;RAGGED                                  ;PROMO AB 2022;CAMISETA MANGA CORTA                    ;01/11/2024;NULL;1;0;0;NULL;NULL;NULL;NULL
PRODUCTO TERMINADO SEGUNDAS Y REMANENTES;PF11112267                                        ;7706718491835;BLUSA BERLIN;CALIDAD TIPO B;0;S                   ;TRENDS;CAMISA;RAGGED                                  ;PROMO AB 2022;CAMISA MANGA LARGA                      ;29/02/2024;26/04/2024;1;0;0;NULL;NULL;NULL;NULL
PRODUCTO TERMINADO SEGUNDAS Y REMANENTES;PF11112267                                        ;7706718491880;BLUSA BERLIN;BLANCO;100;S                   ;TRENDS;CAMISA;RAGGED                                  ;PROMO AB 2022;CAMISA MANGA LARGA                      ;04/06/2024;04/06/2024;1;0;0;NULL;NULL;NULL;NULL
PRODUCTO TERMINADO SEGUNDAS Y REMANENTES;PF31510910                                        ;7706718492016;VESTIDO CRETA;AZUL TURQUESA;440;M                   ;RAGSTYLE;VESTIDO;RAGSTYLE                                ;PROMOCION RAGSTYLE SEPTIEMBRE;VESTIDO CORTO MANGA CORTA               ;28/05/2024;28/05/2024;1;0;0;NULL;NULL;NULL;NULL
GUAYABAL 2;PF31510910                                        ;7706718492061;VESTIDO CRETA;ROJO PERSA;612;S                   ;RAGSTYLE;VESTIDO;RAGSTYLE                                ;PROMOCION RAGSTYLE SEPTIEMBRE;VESTIDO CORTO MANGA CORTA               ;24/10/2022;02/11/2024;1;0;0;30/09/2022;24/10/2022;30/09/2022;30/09/2022
TERMINAL DEL NORTE;PF31510910                                        ;7706718491989;VESTIDO CRETA;CALIDAD TIPO B;0;S                   ;RAGSTYLE;VESTIDO;RAGSTYLE                                ;PROMOCION RAGSTYLE SEPTIEMBRE;VESTIDO CORTO MANGA CORTA               ;10/02/2025;21/05/2025;1;0;0;17/11/2021;10/02/2025;17/11/2021;17/11/2021
PRODUCTO TERMINADO SEGUNDAS Y REMANENTES;PF11112268                                        ;7706718492146;BLUSA ANTONIA;BLANCO CRUDO;101;M                   ;TRENDS;CAMISA;RAGGED                                  ;PROMO TEMPORADA ENERO 2022;CAMISA MANGA LARGA                      ;30/09/2022;05/12/2022;1;0;0;NULL;NULL;NULL;NULL
CONSIGNACION CAROLINA MACHADO;PF12320137                                        ;7706718493693;FALDA PRAGA;BLANCO CRUDO;101;6;GLAM WORDS;FALDA;RAGGED                                  ;AGOSTO C4 RAGGED 2021;FALDA LARGA                             ;11/02/2025;03/10/2024;2;0;0;NULL;NULL;NULL;NULL
PRODUCTO TERMINADO SEGUNDAS Y REMANENTES;PF12320137                                        ;7706718493693;FALDA PRAGA;BLANCO CRUDO;101;6;GLAM WORDS;FALDA;RAGGED                                  ;AGOSTO C4 RAGGED 2021;FALDA LARGA                             ;06/11/2024;11/02/2025;1;0;0;NULL;NULL;NULL;NULL
CONSIGNACION CAROLINA MACHADO;PF11320395                                        ;7706718493792;FALDA SUNTROPEZ;ROSADO PALO DE ROSA;685;10;TRENDS;FALDA;RAGGED                                  ;ECOMMERCE PROMO SEPTIEMBRE 2022;FALDA LARGA                             ;04/11/2023;NULL;1;0;0;NULL;NULL;NULL;NULL
CONSIGNACION CAROLINA MACHADO;PF13120505                                        ;7706718495239;CAMISETA VOLATIL;BLANCO CRUDO;101;S                   ;RAGGED;CAMISETA;RAGSTYLE                                ;PROMO ESPECIAL JULIO 2022;CAMISETA MANGA CORTA                    ;01/11/2024;12/06/2025;1;0;0;NULL;NULL;NULL;NULL
PRODUCTO TERMINADO SEGUNDAS Y REMANENTES;PF13120505                                        ;7706718495253;CAMISETA VOLATIL;BLANCO CRUDO;101;XS                  ;RAGGED;CAMISETA;RAGSTYLE                                ;PROMO ESPECIAL JULIO 2022;CAMISETA MANGA CORTA                    ;17/08/2022;23/08/2022;1;0;0;NULL;NULL;NULL;NULL
CONSIGNACION CAROLINA MACHADO;PF11511044                                        ;7706718498643;VESTIDO MARTINA RAYA;AZUL OSCURO;401;XS                  ;RAGGED;VESTIDO;RAGGED                                  ;PROMO TEMPORADA ENERO 2022;VESTIDO CORTO MANGA SISA                ;06/11/2024;NULL;1;0;0;NULL;NULL;NULL;NULL
CONSIGNACION CAROLINA MACHADO;PF11511044                                        ;7706718498612;VESTIDO MARTINA RAYA;AZUL OSCURO;401;M                   ;RAGGED;VESTIDO;RAGGED                                  ;PROMO TEMPORADA ENERO 2022;VESTIDO CORTO MANGA SISA                ;21/05/2024;NULL;1;0;0;NULL;NULL;NULL;NULL
CONSIGNACION CAROLINA MACHADO;PF13120524                                        ;7706718498759;BODY TAMARA;BLANCO CRUDO;101;S                   ;RAGGED;BODY;RAGGED                                  ;DICIEMBRE RAGGED C2 2021;BODY                                    ;28/01/2022;25/03/2022;1;0;0;NULL;NULL;NULL;NULL
CONSIGNACION CAROLINA MACHADO;PF13120524                                        ;7706718498735;BODY TAMARA;BLANCO CRUDO;101;L                   ;RAGGED;BODY;RAGGED                                  ;DICIEMBRE RAGGED C2 2021;BODY                                    ;01/11/2024;05/12/2024;1;0;0;NULL;NULL;NULL;NULL
CONSIGNACION CAROLINA MACHADO;PF13120524                                        ;7706718498698;BODY TAMARA;NEGRO;1;L                   ;RAGGED;BODY;RAGGED                                  ;DICIEMBRE RAGGED C2 2021;BODY                                    ;14/07/2025;NULL;1;0;0;NULL;NULL;NULL;NULL
PRODUCTO TERMINADO SEGUNDAS Y REMANENTES;PF31112484                                        ;7706718498872;BLUSA BUCARES;BLANCO;100;S                   ;RAGSTYLE;CAMISA;RAGSTYLE                                ;PROMOCION RAGSTYLE OCTUBRE;CAMISA MANGA SISA                       ;07/02/2022;05/11/2021;1;0;0;NULL;NULL;NULL;NULL
PRODUCTO TERMINADO ECOMMERCE;PF31112487                                        ;7706718499053;CAMISA KIEY;AMARILLO MOSTAZA;702;S                   ;RAGSTYLE;CAMISA;RAGSTYLE                                ;PROMO RAGSTYLE JULIO AGOSTO 2021;CAMISA MANGA CORTA                      ;30/12/2021;26/02/2022;1;0;0;30/12/2021;30/12/2021;30/12/2021;30/12/2021
CONSIGNACION CAROLINA MACHADO;PF31112487                                        ;7706718499008;CAMISA KIEY;BLANCO CRUDO;101;S                   ;RAGSTYLE;CAMISA;RAGSTYLE                                ;PROMO RAGSTYLE JULIO AGOSTO 2021;CAMISA MANGA CORTA                      ;20/08/2024;NULL;1;0;0;NULL;NULL;NULL;NULL
PRODUCTO TERMINADO SEGUNDAS Y REMANENTES;PF13120526                                        ;7706718499343;CROP TOP SPORTY;BLANCO CRUDO;101;S                   ;RAGGED;CAMISETA;RAGGED                                  ;PRECIOS ESPECIALES;CAMISETA MANGA SISA                     ;19/07/2024;12/02/2024;1;0;0;NULL;NULL;NULL;NULL
PRODUCTO TERMINADO SEGUNDAS Y REMANENTES;PF13120526                                        ;7706718499336;CROP TOP SPORTY;BLANCO CRUDO;101;M                   ;RAGGED;CAMISETA;RAGGED                                  ;PRECIOS ESPECIALES;CAMISETA MANGA SISA                     ;04/04/2024;05/01/2023;1;0;0;NULL;NULL;NULL;NULL
PRODUCTO TERMINADO SEGUNDAS Y REMANENTES;PF13120526                                        ;7706718499329;CROP TOP SPORTY;BLANCO CRUDO;101;L                   ;RAGGED;CAMISETA;RAGGED                                  ;PRECIOS ESPECIALES;CAMISETA MANGA SISA                     ;22/08/2023;10/02/2023;1;0;0;NULL;NULL;NULL;NULL
VIVA CAUCASIA;PF13120526                                        ;7706718499343;CROP TOP SPORTY;BLANCO CRUDO;101;S                   ;RAGGED;CAMISETA;RAGGED                                  ;PRECIOS ESPECIALES;CAMISETA MANGA SISA                     ;14/02/2023;18/02/2023;1;0;0;14/02/2023;14/02/2023;14/02/2023;14/02/2023
VIVA CAUCASIA;PF13120526                                        ;7706718606222;CROP TOP SPORTY;AMARILLO CLARO;740;S                   ;RAGGED;CAMISETA;RAGGED                                  ;PRECIOS ESPECIALES;CAMISETA MANGA SISA                     ;14/02/2023;18/02/2023;1;0;0;14/02/2023;14/02/2023;14/02/2023;14/02/2023
PRODUCTO TERMINADO SEGUNDAS Y REMANENTES;PF13120526                                        ;7706718606178;CROP TOP SPORTY;VERDE MENTA;331;M                   ;RAGGED;CAMISETA;RAGGED                                  ;PRECIOS ESPECIALES;CAMISETA MANGA SISA                     ;02/02/2024;26/01/2024;1;0;0;NULL;NULL;NULL;NULL
PRODUCTO TERMINADO SEGUNDAS;PF13120520                                        ;7706718497172;CROP TOP AMATISTA;BLANCO CRUDO;101;XS                  ;RAGGED;CAMISETA;RAGGED                                  ;JUNIO RAGGED C3 2025;TOPS                                    ;24/07/2025;NULL;1;0;0;24/07/2025;24/07/2025;24/07/2025;24/07/2025
PRODUCTO TERMINADO SEGUNDAS;PF13120520                                        ;7706718497165;CROP TOP AMATISTA;BLANCO CRUDO;101;S                   ;RAGGED;CAMISETA;RAGGED                                  ;JUNIO RAGGED C3 2025;TOPS                                    ;24/07/2025;19/04/2022;1;0;0;4/04/2022;24/07/2025;4/04/2022;4/04/2022
VENTA DIRECTA;PF13120520                                        ;7706718497158;CROP TOP AMATISTA;BLANCO CRUDO;101;M                   ;RAGGED;CAMISETA;RAGGED                                  ;JUNIO RAGGED C3 2025;TOPS                                    ;23/07/2025;25/07/2025;1;0;0;14/12/2021;23/07/2025;14/12/2021;14/12/2021
PRODUCTO TERMINADO;PF13120520                                        ;7706718497172;CROP TOP AMATISTA;BLANCO CRUDO;101;XS                  ;RAGGED;CAMISETA;RAGGED                                  ;JUNIO RAGGED C3 2025;TOPS                                    ;31/07/2025;18/06/2025;25;0;0;NULL;NULL;NULL;NULL
PRODUCTO TERMINADO ECOMMERCE;PF13120520                                        ;7706718497165;CROP TOP AMATISTA;BLANCO CRUDO;101;S                   ;RAGGED;CAMISETA;RAGGED                                  ;JUNIO RAGGED C3 2025;TOPS                                    ;30/07/2025;26/07/2025;1;0;0;14/12/2021;30/07/2025;14/12/2021;14/12/2021
MAYORCA;PF13120520                                        ;7706718497134;CROP TOP AMATISTA;NEGRO;1;XS                  ;RAGGED;CAMISETA;RAGGED                                  ;JUNIO RAGGED C3 2025;TOPS                                    ;18/06/2025;05/07/2025;1;0;0;14/12/2021;18/06/2025;14/12/2021;14/12/2021
JARDIN PLAZA;PF13120520                                        ;7706718497172;CROP TOP AMATISTA;BLANCO CRUDO;101;XS                  ;RAGGED;CAMISETA;RAGGED                                  ;JUNIO RAGGED C3 2025;TOPS                                    ;18/06/2025;22/12/2021;1;0;0;14/12/2021;18/06/2025;14/12/2021;14/12/2021
FRANQUICIAS;PF13120520                                        ;7706718497165;CROP TOP AMATISTA;BLANCO CRUDO;101;S                   ;RAGGED;CAMISETA;RAGGED                                  ;JUNIO RAGGED C3 2025;TOPS                                    ;18/06/2025;12/07/2025;1;0;0;14/12/2021;18/06/2025;14/12/2021;14/12/2021
PRODUCTO TERMINADO SEGUNDAS Y REMANENTES;PF13120520                                        ;7706718497080;CROP TOP AMATISTA;CALIDAD TIPO B;0;S                   ;RAGGED;CAMISETA;RAGGED                                  ;JUNIO RAGGED C3 2025;TOPS                                    ;18/06/2025;02/02/2022;1;0;0;NULL;NULL;NULL;NULL
TESORO;PF13120520                                        ;7706718497172;CROP TOP AMATISTA;BLANCO CRUDO;101;XS                  ;RAGGED;CAMISETA;RAGGED                                  ;JUNIO RAGGED C3 2025;TOPS                                    ;18/06/2025;02/01/2022;1;0;0;14/12/2021;18/06/2025;14/12/2021;14/12/2021
PRODUCTO TERMINADO SEGUNDAS Y REMANENTES;PF13120520                                        ;7706718497172;CROP TOP AMATISTA;BLANCO CRUDO;101;XS                  ;RAGGED;CAMISETA;RAGGED                                  ;JUNIO RAGGED C3 2025;TOPS                                    ;17/06/2025;12/08/2024;21;0;0;NULL;NULL;NULL;NULL
TESORO;PF13120520                                        ;7706718497165;CROP TOP AMATISTA;BLANCO CRUDO;101;S                   ;RAGGED;CAMISETA;RAGGED                                  ;JUNIO RAGGED C3 2025;TOPS                                    ;18/06/2025;30/07/2025;1;0;0;14/12/2021;18/06/2025;14/12/2021;14/12/2021
PRODUCTO TERMINADO SEGUNDAS Y REMANENTES;PF13120520                                        ;7706718497165;CROP TOP AMATISTA;BLANCO CRUDO;101;S                   ;RAGGED;CAMISETA;RAGGED                                  ;JUNIO RAGGED C3 2025;TOPS                                    ;17/06/2025;28/05/2024;34;0;0;NULL;NULL;NULL;NULL
TESORO;PF13120520                                        ;7706718497158;CROP TOP AMATISTA;BLANCO CRUDO;101;M                   ;RAGGED;CAMISETA;RAGGED                                  ;JUNIO RAGGED C3 2025;TOPS                                    ;18/06/2025;06/01/2022;2;0;0;14/12/2021;18/06/2025;14/12/2021;14/12/2021
PRODUCTO TERMINADO SEGUNDAS Y REMANENTES;PF13120520                                        ;7706718497158;CROP TOP AMATISTA;BLANCO CRUDO;101;M                   ;RAGGED;CAMISETA;RAGGED                                  ;JUNIO RAGGED C3 2025;TOPS                                    ;17/06/2025;28/08/2023;35;0;0;NULL;NULL;NULL;NULL
TESORO;PF13120520                                        ;7706718497141;CROP TOP AMATISTA;BLANCO CRUDO;101;L                   ;RAGGED;CAMISETA;RAGGED                                  ;JUNIO RAGGED C3 2025;TOPS                                    ;18/06/2025;02/06/2022;1;0;0;14/12/2021;18/06/2025;14/12/2021;14/12/2021
PRODUCTO TERMINADO SEGUNDAS Y REMANENTES;PF13120520                                        ;7706718497141;CROP TOP AMATISTA;BLANCO CRUDO;101;L                   ;RAGGED;CAMISETA;RAGGED                                  ;JUNIO RAGGED C3 2025;TOPS                                    ;17/06/2025;01/11/2024;20;0;0;NULL;NULL;NULL;NULL
TESORO;PF13120520                                        ;7706718497134;CROP TOP AMATISTA;NEGRO;1;XS                  ;RAGGED;CAMISETA;RAGGED                                  ;JUNIO RAGGED C3 2025;TOPS                                    ;18/06/2025;28/12/2021;1;0;0;14/12/2021;18/06/2025;14/12/2021;14/12/2021
TESORO;PF13120520                                        ;7706718497127;CROP TOP AMATISTA;NEGRO;1;S                   ;RAGGED;CAMISETA;RAGGED                                  ;JUNIO RAGGED C3 2025;TOPS                                    ;18/06/2025;30/07/2025;1;0;0;14/12/2021;18/06/2025;14/12/2021;14/12/2021
PRODUCTO TERMINADO SEGUNDAS Y REMANENTES;PF13120520                                        ;7706718497127;CROP TOP AMATISTA;NEGRO;1;S                   ;RAGGED;CAMISETA;RAGGED                                  ;JUNIO RAGGED C3 2025;TOPS                                    ;17/06/2025;28/01/2022;3;0;0;NULL;NULL;NULL;NULL
TESORO;PF13120520                                        ;7706718497110;CROP TOP AMATISTA;NEGRO;1;M                   ;RAGGED;CAMISETA;RAGGED                                  ;JUNIO RAGGED C3 2025;TOPS                                    ;18/06/2025;26/12/2021;2;0;0;14/12/2021;18/06/2025;14/12/2021;14/12/2021
VENDEDOR YENNY SANTAMARIA;PF13120520                                        ;7706718497240;CROP TOP AMATISTA;ROJO MEDIO;610;S                   ;RAGGED;CAMISETA;RAGGED                                  ;JUNIO RAGGED C3 2025;TOPS                                    ;26/01/2024;NULL;1;0;0;NULL;NULL;NULL;NULL
FRANQUICIAS;PF13120520                                        ;7706718497127;CROP TOP AMATISTA;NEGRO;1;S                   ;RAGGED;CAMISETA;RAGGED                                  ;JUNIO RAGGED C3 2025;TOPS                                    ;18/06/2025;12/07/2025;1;0;0;14/12/2021;18/06/2025;14/12/2021;14/12/2021
FRANQUICIAS;PF13120520                                        ;7706718497110;CROP TOP AMATISTA;NEGRO;1;M                   ;RAGGED;CAMISETA;RAGGED                                  ;JUNIO RAGGED C3 2025;TOPS                                    ;18/06/2025;12/07/2025;2;0;0;14/12/2021;18/06/2025;14/12/2021;14/12/2021
PRODUCTO TERMINADO ECOMMERCE;PF13120520                                        ;7706718497127;CROP TOP AMATISTA;NEGRO;1;S                   ;RAGGED;CAMISETA;RAGGED                                  ;JUNIO RAGGED C3 2025;TOPS                                    ;30/07/2025;26/07/2025;1;0;0;14/12/2021;30/07/2025;14/12/2021;14/12/2021
TESORO;PF13120520                                        ;7706718497103;CROP TOP AMATISTA;NEGRO;1;L                   ;RAGGED;CAMISETA;RAGGED                                  ;JUNIO RAGGED C3 2025;TOPS                                    ;18/06/2025;06/01/2022;1;0;0;14/12/2021;18/06/2025;14/12/2021;14/12/2021
CONSIGNACION CAROLINA MACHADO;PF13120520                                        ;7706718497189;CROP TOP AMATISTA;BEIGE MEDIO;260;L                   ;RAGGED;CAMISETA;RAGGED                                  ;JUNIO RAGGED C3 2025;TOPS                                    ;07/02/2025;27/12/2022;1;0;0;NULL;NULL;NULL;NULL
PRODUCTO TERMINADO SEGUNDAS Y REMANENTES;PF13120520                                        ;7706718497257;CROP TOP AMATISTA;ROJO MEDIO;610;XS                  ;RAGGED;CAMISETA;RAGGED                                  ;JUNIO RAGGED C3 2025;TOPS                                    ;25/06/2025;28/01/2025;1;0;0;NULL;NULL;NULL;NULL
LA 65;PF13120520                                        ;7706718497165;CROP TOP AMATISTA;BLANCO CRUDO;101;S                   ;RAGGED;CAMISETA;RAGGED                                  ;JUNIO RAGGED C3 2025;TOPS                                    ;16/07/2025;15/07/2022;1;0;0;25/01/2022;16/07/2025;25/01/2022;25/01/2022
LA 65;PF13120520                                        ;7706718497158;CROP TOP AMATISTA;BLANCO CRUDO;101;M                   ;RAGGED;CAMISETA;RAGGED                                  ;JUNIO RAGGED C3 2025;TOPS                                    ;18/07/2025;20/12/2024;1;0;0;8/12/2024;18/07/2025;8/12/2024;8/12/2024
UNICO CALI;PF13120520                                        ;7706718497127;CROP TOP AMATISTA;NEGRO;1;S                   ;RAGGED;CAMISETA;RAGGED                                  ;JUNIO RAGGED C3 2025;TOPS                                    ;18/06/2025;05/07/2025;1;0;0;14/12/2021;18/06/2025;14/12/2021;14/12/2021
NUESTRO URABA;PF13120520                                        ;7706718497103;CROP TOP AMATISTA;NEGRO;1;L                   ;RAGGED;CAMISETA;RAGGED                                  ;JUNIO RAGGED C3 2025;TOPS                                    ;18/06/2025;24/12/2021;1;0;0;14/12/2021;18/06/2025;14/12/2021;14/12/2021
VENTA DIRECTA;PF13120520                                        ;7706718497127;CROP TOP AMATISTA;NEGRO;1;S                   ;RAGGED;CAMISETA;RAGGED                                  ;JUNIO RAGGED C3 2025;TOPS                                    ;18/07/2025;18/06/2025;1;0;0;14/12/2021;18/07/2025;14/12/2021;14/12/2021
PRODUCTO TERMINADO SEGUNDAS;PF13120520                                        ;7706718497141;CROP TOP AMATISTA;BLANCO CRUDO;101;L                   ;RAGGED;CAMISETA;RAGGED                                  ;JUNIO RAGGED C3 2025;TOPS                                    ;03/07/2025;01/11/2023;1;0;0;7/01/2022;3/07/2025;7/01/2022;7/01/2022
NUESTRO URABA;PF13120520                                        ;7706718497134;CROP TOP AMATISTA;NEGRO;1;XS                  ;RAGGED;CAMISETA;RAGGED                                  ;JUNIO RAGGED C3 2025;TOPS                                    ;18/06/2025;28/03/2022;1;0;0;14/12/2021;18/06/2025;14/12/2021;14/12/2021
NUESTRO URABA;PF13120520                                        ;7706718497127;CROP TOP AMATISTA;NEGRO;1;S                   ;RAGGED;CAMISETA;RAGGED                                  ;JUNIO RAGGED C3 2025;TOPS                                    ;18/06/2025;31/07/2025;1;0;0;14/12/2021;18/06/2025;14/12/2021;14/12/2021
NUESTRO URABA;PF13120520                                        ;7706718497110;CROP TOP AMATISTA;NEGRO;1;M                   ;RAGGED;CAMISETA;RAGGED                                  ;JUNIO RAGGED C3 2025;TOPS                                    ;18/06/2025;07/04/2022;2;0;0;14/12/2021;18/06/2025;14/12/2021;14/12/2021
PRODUCTO TERMINADO;PF13120520                                        ;7706718497165;CROP TOP AMATISTA;BLANCO CRUDO;101;S                   ;RAGGED;CAMISETA;RAGGED                                  ;JUNIO RAGGED C3 2025;TOPS                                    ;31/07/2025;18/06/2025;55;0;0;NULL;NULL;NULL;NULL
PRODUCTO TERMINADO;PF13120520                                        ;7706718497158;CROP TOP AMATISTA;BLANCO CRUDO;101;M                   ;RAGGED;CAMISETA;RAGGED                                  ;JUNIO RAGGED C3 2025;TOPS                                    ;31/07/2025;18/06/2025;53;0;0;NULL;NULL;NULL;NULL
PRODUCTO TERMINADO;PF13120520                                        ;7706718497141;CROP TOP AMATISTA;BLANCO CRUDO;101;L                   ;RAGGED;CAMISETA;RAGGED                                  ;JUNIO RAGGED C3 2025;TOPS                                    ;31/07/2025;18/06/2025;26;0;0;NULL;NULL;NULL;NULL
PRODUCTO TERMINADO;PF13120520                                        ;7706718497134;CROP TOP AMATISTA;NEGRO;1;XS                  ;RAGGED;CAMISETA;RAGGED                                  ;JUNIO RAGGED C3 2025;TOPS                                    ;31/07/2025;18/06/2025;49;0;0;NULL;NULL;NULL;NULL
PRODUCTO TERMINADO;PF13120520                                        ;7706718497127;CROP TOP AMATISTA;NEGRO;1;S                   ;RAGGED;CAMISETA;RAGGED                                  ;JUNIO RAGGED C3 2025;TOPS                                    ;31/07/2025;18/06/2025;91;0;0;NULL;NULL;NULL;NULL
PRODUCTO TERMINADO;PF13120520                                        ;7706718497110;CROP TOP AMATISTA;NEGRO;1;M                   ;RAGGED;CAMISETA;RAGGED                                  ;JUNIO RAGGED C3 2025;TOPS                                    ;31/07/2025;18/06/2025;91;0;0;NULL;NULL;NULL;NULL
SANTA LUCIA;PF13120520                                        ;7706718497110;CROP TOP AMATISTA;NEGRO;1;M                   ;RAGGED;CAMISETA;RAGGED                                  ;JUNIO RAGGED C3 2025;TOPS                                    ;27/06/2025;27/06/2025;1;0;0;14/12/2021;27/06/2025;14/12/2021;14/12/2021
PRODUCTO TERMINADO;PF13120520                                        ;7706718497103;CROP TOP AMATISTA;NEGRO;1;L                   ;RAGGED;CAMISETA;RAGGED                                  ;JUNIO RAGGED C3 2025;TOPS                                    ;31/07/2025;18/06/2025;48;0;0;NULL;NULL;NULL;NULL
VIVA CAUCASIA;PF13120520                                        ;7703844322804;CROP TOP AMATISTA;ROSADO BARBIE;655;S                   ;RAGGED;CAMISETA;RAGGED                                  ;JUNIO RAGGED C3 2025;TOPS                                    ;18/06/2025;25/06/2025;1;0;0;18/06/2025;18/06/2025;18/06/2025;18/06/2025
FRANQUICIAS;PF13120520                                        ;7703844322804;CROP TOP AMATISTA;ROSADO BARBIE;655;S                   ;RAGGED;CAMISETA;RAGGED                                  ;JUNIO RAGGED C3 2025;TOPS                                    ;18/06/2025;12/07/2025;1;0;0;18/06/2025;18/06/2025;18/06/2025;18/06/2025
FRANQUICIAS;PF13120520                                        ;7703844322798;CROP TOP AMATISTA;ROSADO BARBIE;655;M                   ;RAGGED;CAMISETA;RAGGED                                  ;JUNIO RAGGED C3 2025;TOPS                                    ;18/06/2025;12/07/2025;1;0;0;18/06/2025;18/06/2025;18/06/2025;18/06/2025
LA 65;PF13120520                                        ;7703844322804;CROP TOP AMATISTA;ROSADO BARBIE;655;S                   ;RAGGED;CAMISETA;RAGGED                                  ;JUNIO RAGGED C3 2025;TOPS                                    ;21/07/2025;NULL;1;0;0;21/07/2025;21/07/2025;21/07/2025;21/07/2025
PRODUCTO TERMINADO SEGUNDAS Y REMANENTES;PF13120520                                        ;7703844322811;CROP TOP AMATISTA;ROSADO BARBIE;655;XS                  ;RAGGED;CAMISETA;RAGGED                                  ;JUNIO RAGGED C3 2025;TOPS                                    ;17/06/2025;NULL;16;0;0;NULL;NULL;NULL;NULL
PRODUCTO TERMINADO SEGUNDAS Y REMANENTES;PF13120520                                        ;7703844322804;CROP TOP AMATISTA;ROSADO BARBIE;655;S                   ;RAGGED;CAMISETA;RAGGED                                  ;JUNIO RAGGED C3 2025;TOPS                                    ;17/06/2025;NULL;31;0;0;NULL;NULL;NULL;NULL
TESORO;PF13120520                                        ;7703844322798;CROP TOP AMATISTA;ROSADO BARBIE;655;M                   ;RAGGED;CAMISETA;RAGGED                                  ;JUNIO RAGGED C3 2025;TOPS                                    ;18/06/2025;NULL;2;0;0;18/06/2025;18/06/2025;18/06/2025;18/06/2025
PRODUCTO TERMINADO SEGUNDAS Y REMANENTES;PF13120520                                        ;7703844322798;CROP TOP AMATISTA;ROSADO BARBIE;655;M                   ;RAGGED;CAMISETA;RAGGED                                  ;JUNIO RAGGED C3 2025;TOPS                                    ;17/06/2025;NULL;15;0;0;NULL;NULL;NULL;NULL
TESORO;PF13120520                                        ;7703844322781;CROP TOP AMATISTA;ROSADO BARBIE;655;L                   ;RAGGED;CAMISETA;RAGGED                                  ;JUNIO RAGGED C3 2025;TOPS                                    ;18/06/2025;NULL;1;0;0;18/06/2025;18/06/2025;18/06/2025;18/06/2025
PRODUCTO TERMINADO SEGUNDAS Y REMANENTES;PF13120520                                        ;7703844322781;CROP TOP AMATISTA;ROSADO BARBIE;655;L                   ;RAGGED;CAMISETA;RAGGED                                  ;JUNIO RAGGED C3 2025;TOPS                                    ;17/06/2025;NULL;8;0;0;NULL;NULL;NULL;NULL
VENTA DIRECTA;PF13120520                                        ;7703844322798;CROP TOP AMATISTA;ROSADO BARBIE;655;M                   ;RAGGED;CAMISETA;RAGGED                                  ;JUNIO RAGGED C3 2025;TOPS                                    ;18/07/2025;18/07/2025;1;0;0;18/06/2025;18/07/2025;18/06/2025;18/06/2025
PRODUCTO TERMINADO;PF13120520                                        ;7703844322811;CROP TOP AMATISTA;ROSADO BARBIE;655;XS                  ;RAGGED;CAMISETA;RAGGED                                  ;JUNIO RAGGED C3 2025;TOPS                                    ;31/07/2025;18/06/2025;25;0;0;NULL;NULL;NULL;NULL
PRODUCTO TERMINADO;PF13120520                                        ;7703844322804;CROP TOP AMATISTA;ROSADO BARBIE;655;S                   ;RAGGED;CAMISETA;RAGGED                                  ;JUNIO RAGGED C3 2025;TOPS                                    ;31/07/2025;18/06/2025;63;0;0;NULL;NULL;NULL;NULL
PRODUCTO TERMINADO;PF13120520                                        ;7703844322798;CROP TOP AMATISTA;ROSADO BARBIE;655;M                   ;RAGGED;CAMISETA;RAGGED                                  ;JUNIO RAGGED C3 2025;TOPS                                    ;31/07/2025;18/06/2025;69;0;0;NULL;NULL;NULL;NULL
PRODUCTO TERMINADO;PF13120520                                        ;7703844322781;CROP TOP AMATISTA;ROSADO BARBIE;655;L                   ;RAGGED;CAMISETA;RAGGED                                  ;JUNIO RAGGED C3 2025;TOPS                                    ;31/07/2025;18/06/2025;33;0;0;NULL;NULL;NULL;NULL
PRODUCTO TERMINADO SEGUNDAS Y REMANENTES;PF51320047                                        ;7706718497684;FALDA ESTONIA;BLANCO CRUDO;101;8;FOR ME TOO JEANS WEAR                   ;FALDA;FORMETOO                                ;OCTUBRE RAGGED C3 2021;FALDA LARGA                             ;19/04/2022;12/08/2024;1;0;0;NULL;NULL;NULL;NULL
CONSIGNACION CAROLINA MACHADO;PF31112486                                        ;7706718497790;BLUSA CANALI;ROSADO PALO DE ROSA;685;S                   ;RAGSTYLE;CAMISA;RAGSTYLE                                ;PROMO RAGSTYLE JULIO AGOSTO 2021;CAMISA MANGA LARGA                      ;20/05/2024;NULL;1;0;0;NULL;NULL;NULL;NULL
PRODUCTO TERMINADO SEGUNDAS Y REMANENTES;PF12510249                                        ;7706718497530;VESTIDO OMEGAN;BEIGE CLARO;270;S                   ;GLAM WORDS;VESTIDO;RAGGED                                  ;PROMO TEMPORADA ENERO 2022;VESTIDO CORTO MANGA 3/4                 ;31/10/2022;21/05/2024;1;0;0;NULL;NULL;NULL;NULL
UNICO BARRANQUILLA;PF12310303                                        ;7706718500995;PANTALON MIELERO;ROJO VINO;630;10;GLAM WORDS;PANTALON;RAGGED                                  ;PROMO AB 2022;PANTALON BOTA RECTA                     ;17/04/2024;29/04/2023;1;0;0;28/09/2021;17/04/2024;28/09/2021;28/09/2021
TERMINAL DEL NORTE;PF11112272                                        ;7706718501510;BLUSA NILO;CALIDAD TIPO B;0;S                   ;TRENDS;CAMISA;RAGGED                                  ;PROMO AB 2022;CAMISA MANGA CORTA                      ;09/02/2022;09/12/2021;1;0;0;1/12/2021;9/02/2022;1/12/2021;1/12/2021
GUAYABAL 2;PF11112272                                        ;7706718501510;BLUSA NILO;CALIDAD TIPO B;0;S                   ;TRENDS;CAMISA;RAGGED                                  ;PROMO AB 2022;CAMISA MANGA CORTA                      ;29/11/2022;11/10/2022;1;0;0;2/12/2021;29/11/2022;2/12/2021;2/12/2021
RIONEGRO;PF11112272                                        ;7706718501589;BLUSA NILO;BLANCO;100;XS                  ;TRENDS;CAMISA;RAGGED                                  ;PROMO AB 2022;CAMISA MANGA CORTA                      ;21/06/2022;29/07/2025;1;0;0;15/09/2021;21/06/2022;15/09/2021;15/09/2021
GUAYABAL 2;PF11112272                                        ;7706718501534;BLUSA NILO;CALIDAD TIPO B;0;XS                  ;TRENDS;CAMISA;RAGGED                                  ;PROMO AB 2022;CAMISA MANGA CORTA                      ;02/12/2021;15/05/2023;2;0;0;2/12/2021;2/12/2021;2/12/2021;2/12/2021
PRODUCTO TERMINADO SEGUNDAS Y REMANENTES;PF13120528                                        ;7706718501732;BODY AMARELLO;BLANCO CRUDO;101;M                   ;RAGGED;BODY;RAGGED                                  ;OCTUBRE RAGGED C5 2021;BODY                                    ;10/09/2024;01/11/2024;1;0;0;NULL;NULL;NULL;NULL
CONSIGNACION CAROLINA MACHADO;PF13120528                                        ;7706718501749;BODY AMARELLO;BLANCO CRUDO;101;S                   ;RAGGED;BODY;RAGGED                                  ;OCTUBRE RAGGED C5 2021;BODY                                    ;28/08/2023;22/04/2022;1;0;0;NULL;NULL;NULL;NULL
CONSIGNACION CAROLINA MACHADO;PF13120528                                        ;7706718501732;BODY AMARELLO;BLANCO CRUDO;101;M                   ;RAGGED;BODY;RAGGED                                  ;OCTUBRE RAGGED C5 2021;BODY                                    ;01/11/2024;22/05/2025;2;0;0;NULL;NULL;NULL;NULL
CONSIGNACION CAROLINA MACHADO;PF31112485                                        ;7706718809227;CROP TOP SEVILLA;AZUL MEDIO;420;L                   ;RAGSTYLE;CAMISA;RAGSTYLE                                ;NOVIEMBRE RAGSTYLE 2023;CAMISA MANGA CORTA                      ;05/11/2024;NULL;1;0;0;NULL;NULL;NULL;NULL
RIONEGRO;PF31112485                                        ;7704444886697;CROP TOP SEVILLA;BLANCO;100;S                   ;RAGSTYLE;CAMISA;RAGSTYLE                                ;NOVIEMBRE RAGSTYLE 2023;CAMISA MANGA CORTA                      ;20/01/2025;NULL;2;0;0;20/01/2025;20/01/2025;20/01/2025;20/01/2025
PUENTE ARANDA;PF31112485                                        ;7704444886697;CROP TOP SEVILLA;BLANCO;100;S                   ;RAGSTYLE;CAMISA;RAGSTYLE                                ;NOVIEMBRE RAGSTYLE 2023;CAMISA MANGA CORTA                      ;24/01/2025;NULL;1;0;0;24/01/2025;24/01/2025;24/01/2025;24/01/2025
CONSIGNACION CAROLINA MACHADO;PF11112270                                        ;7706718502043;BLUSA ANDINA;BLANCO CRUDO;101;S                   ;TRENDS;CAMISA;RAGGED                                  ;PROMO TEMPORADA ENERO 2022;CAMISA MANGA CORTA                      ;11/06/2025;31/07/2025;2;0;0;NULL;NULL;NULL;NULL
PRODUCTO TERMINADO SEGUNDAS Y REMANENTES;PF11112270                                        ;7706718502043;BLUSA ANDINA;BLANCO CRUDO;101;S                   ;TRENDS;CAMISA;RAGGED                                  ;PROMO TEMPORADA ENERO 2022;CAMISA MANGA CORTA                      ;31/07/2025;26/02/2024;1;0;0;NULL;NULL;NULL;NULL
PRODUCTO TERMINADO SEGUNDAS Y REMANENTES;PF11112270                                        ;7706718502036;BLUSA ANDINA;BLANCO CRUDO;101;M                   ;TRENDS;CAMISA;RAGGED                                  ;PROMO TEMPORADA ENERO 2022;CAMISA MANGA CORTA                      ;01/07/2025;28/01/2022;1;0;0;NULL;NULL;NULL;NULL
CONSIGNACION CAROLINA MACHADO;PF11112270                                        ;7706718501947;BLUSA ANDINA;CALIDAD TIPO B;0;S                   ;TRENDS;CAMISA;RAGGED                                  ;PROMO TEMPORADA ENERO 2022;CAMISA MANGA CORTA                      ;27/01/2022;NULL;1;0;0;NULL;NULL;NULL;NULL
UNICO CALI;PF11112270                                        ;7706718502012;BLUSA ANDINA;NEGRO;1;XS                  ;TRENDS;CAMISA;RAGGED                                  ;PROMO TEMPORADA ENERO 2022;CAMISA MANGA CORTA                      ;09/02/2022;21/04/2024;1;0;0;27/08/2021;10/02/2022;27/08/2021;27/08/2021
PRODUCTO TERMINADO SEGUNDAS Y REMANENTES;PF13120525                                        ;7706718500636;CAMISETA WILDFLOWER;BLANCO CRUDO;101;XS                  ;RAGGED;CAMISETA;RAGGED                                  ;DICIEMBRE RAGGED C3 2021;CAMISETA MANGA CORTA                    ;31/07/2025;01/11/2024;1;0;0;NULL;NULL;NULL;NULL
CONSIGNACION CAROLINA MACHADO;PF12110555                                        ;7706718502739;BLUSA POPELIN;ROJO CARNAUBA;615;S                   ;RAGGED;CAMISA;RAGGED                                  ;OCTUBRE RAGGED C5 2021;CAMISA MANGA CORTA                      ;22/10/2022;NULL;1;0;0;NULL;NULL;NULL;NULL
PRODUCTO TERMINADO SEGUNDAS Y REMANENTES;PF31510912                                        ;7706718502876;VESTIDO BELGICA;ROJO CARNAUBA;615;M                   ;RAGSTYLE;VESTIDO;RAGSTYLE                                ;PROMO RAGSTYLE JULIO AGOSTO 2021;VESTIDO LARGO MANGA 3/4                 ;17/06/2024;21/06/2024;1;0;0;NULL;NULL;NULL;NULL
PRODUCTO TERMINADO SEGUNDAS Y REMANENTES;PF31510912                                        ;7706718502869;VESTIDO BELGICA;ROJO CARNAUBA;615;L                   ;RAGSTYLE;VESTIDO;RAGSTYLE                                ;PROMO RAGSTYLE JULIO AGOSTO 2021;VESTIDO LARGO MANGA 3/4                 ;02/08/2022;08/08/2024;1;0;0;NULL;NULL;NULL;NULL
CONSIGNACION CAROLINA MACHADO;PF11112269                                        ;7706718502333;BLUSA POLKA;AMARILLO MOSTAZA;702;XS                  ;RAGGED;CAMISA;RAGGED                                  ;PROMO TEMPORADA ENERO 2022;CAMISA MANGA CORTA                      ;05/11/2024;NULL;1;0;0;NULL;NULL;NULL;NULL
CONSIGNACION CAROLINA MACHADO;PF31120972                                        ;7706718503644;CROP TOP DANIELLE;BLANCO CRUDO;101;S                   ;RAGSTYLE;CAMISETA;RAGSTYLE                                ;PROMO ESPECIAL SEPTIEMBRE 2022;CROPED                                  ;13/08/2024;31/07/2025;2;0;0;NULL;NULL;NULL;NULL
PRODUCTO TERMINADO SEGUNDAS Y REMANENTES;PF31120972                                        ;7706718503644;CROP TOP DANIELLE;BLANCO CRUDO;101;S                   ;RAGSTYLE;CAMISETA;RAGSTYLE                                ;PROMO ESPECIAL SEPTIEMBRE 2022;CROPED                                  ;31/07/2025;13/08/2024;2;0;0;NULL;NULL;NULL;NULL
VENDEDOR YENNY SANTAMARIA;PF31120972                                        ;7706718503712;CROP TOP DANIELLE;AMARILLO CLARO;740;M                   ;RAGSTYLE;CAMISETA;RAGSTYLE                                ;PROMO ESPECIAL SEPTIEMBRE 2022;CROPED                                  ;26/01/2024;02/11/2023;1;0;0;NULL;NULL;NULL;NULL
PRODUCTO TERMINADO SEGUNDAS Y REMANENTES;PF12110552                                        ;7706718504825;BLUSA FLORENCIA;BLANCO;100;S                   ;RAGGED;CAMISA;RAGGED                                  ;PROMO AB 2022;CAMISA MANGA PETALO                     ;19/04/2022;27/04/2022;1;0;0;NULL;NULL;NULL;NULL
PRODUCTO TERMINADO SEGUNDAS Y REMANENTES;PF12110552                                        ;7706718504801;BLUSA FLORENCIA;BLANCO;100;L                   ;RAGGED;CAMISA;RAGGED                                  ;PROMO AB 2022;CAMISA MANGA PETALO                     ;19/04/2022;11/12/2021;2;0;0;NULL;NULL;NULL;NULL
PRODUCTO TERMINADO SEGUNDAS Y REMANENTES;PF31120973                                        ;7706718505204;BLUSA LOLITA;BLANCO CRUDO;101;XS                  ;RAGSTYLE;CAMISETA;RAGSTYLE                                ;AGOSTO ECM RS PROMO 2023;CAMISETA MANGA CORTA                    ;31/07/2025;05/11/2024;1;0;0;NULL;NULL;NULL;NULL
VENDEDOR YENNY SANTAMARIA;PF31120973                                        ;7706718505150;BLUSA LOLITA;NEGRO;1;S                   ;RAGSTYLE;CAMISETA;RAGSTYLE                                ;AGOSTO ECM RS PROMO 2023;CAMISETA MANGA CORTA                    ;26/01/2024;02/11/2023;1;0;0;NULL;NULL;NULL;NULL
PRODUCTO TERMINADO SEGUNDAS Y REMANENTES;PF11130237                                        ;7706718505525;CHAQUETA ANDINA;BLANCO;100;XL                  ;TRENDS;CHAQUETA;RAGGED                                  ;PROMO TEMPORADA ENERO 2022;CHAQUETA M/LARGA                        ;26/05/2023;27/05/2023;1;0;0;NULL;NULL;NULL;NULL
CONSIGNACION CAROLINA MACHADO;PF11130237                                        ;7706718505518;CHAQUETA ANDINA;BLANCO;100;S                   ;TRENDS;CHAQUETA;RAGGED                                  ;PROMO TEMPORADA ENERO 2022;CHAQUETA M/LARGA                        ;15/07/2025;25/03/2022;2;0;0;NULL;NULL;NULL;NULL
PRODUCTO TERMINADO SEGUNDAS Y REMANENTES;PF11130237                                        ;7706718505518;CHAQUETA ANDINA;BLANCO;100;S                   ;TRENDS;CHAQUETA;RAGGED                                  ;PROMO TEMPORADA ENERO 2022;CHAQUETA M/LARGA                        ;02/07/2024;15/07/2025;2;0;0;NULL;NULL;NULL;NULL
CONSIGNACION CAROLINA MACHADO;PF11130237                                        ;7706718505501;CHAQUETA ANDINA;BLANCO;100;M                   ;TRENDS;CHAQUETA;RAGGED                                  ;PROMO TEMPORADA ENERO 2022;CHAQUETA M/LARGA                        ;15/07/2025;NULL;1;0;0;NULL;NULL;NULL;NULL
PRODUCTO TERMINADO SEGUNDAS Y REMANENTES;PF11130237                                        ;7706718505501;CHAQUETA ANDINA;BLANCO;100;M                   ;TRENDS;CHAQUETA;RAGGED                                  ;PROMO TEMPORADA ENERO 2022;CHAQUETA M/LARGA                        ;02/07/2024;15/07/2025;1;0;0;NULL;NULL;NULL;NULL
PRODUCTO TERMINADO SEGUNDAS Y REMANENTES;PF11130237                                        ;7706718505495;CHAQUETA ANDINA;BLANCO;100;L                   ;TRENDS;CHAQUETA;RAGGED                                  ;PROMO TEMPORADA ENERO 2022;CHAQUETA M/LARGA                        ;01/11/2023;12/02/2024;1;0;0;NULL;NULL;NULL;NULL
PRODUCTO TERMINADO SEGUNDAS Y REMANENTES;PF13120530                                        ;7706718609520;PENELOPE PAMELA;BLANCO CRUDO;101;L                   ;RAGGED;BODY;RAGGED                                  ;DICIEMBRE RAGGED C3 2021;BODY                                    ;10/09/2024;16/09/2024;1;0;0;NULL;NULL;NULL;NULL
PRODUCTO TERMINADO SEGUNDAS Y REMANENTES;PF13120530                                        ;7706718609537;PENELOPE PAMELA;BLANCO CRUDO;101;M                   ;RAGGED;BODY;RAGGED                                  ;DICIEMBRE RAGGED C3 2021;BODY                                    ;06/05/2024;01/11/2024;1;0;0;NULL;NULL;NULL;NULL
PRODUCTO TERMINADO SEGUNDAS Y REMANENTES;PF51340044                                        ;7706718516095;SHORT CALIFORNIA;AZUL MEDIO;420;8;FOR ME TOO JEANS WEAR                   ;SHORT;FORMETOO                                ;PROMO AB 2022;SHORT                                   ;30/01/2023;02/02/2022;1;0;0;NULL;NULL;NULL;NULL
GUAYABAL 2;PF51350253                                        ;7706718507284;JEANS FLORIDA BOTA TUBO;CALIDAD TIPO B;0;10;FOR ME TOO JEANS WEAR                   ;JEANS;FORMETOO                                ;SEPTIEMBRE RAGGED C1 2021;JEANS BOTA TUBO                         ;06/03/2025;17/01/2022;1;0;0;2/12/2021;6/03/2025;2/12/2021;2/12/2021
LA 65;PF51350253                                        ;7706718507376;JEANS FLORIDA BOTA TUBO;AZUL CLARO;450;8;FOR ME TOO JEANS WEAR                   ;JEANS;FORMETOO                                ;SEPTIEMBRE RAGGED C1 2021;JEANS BOTA TUBO                         ;21/04/2025;02/09/2023;1;0;0;14/10/2021;21/04/2025;14/10/2021;14/10/2021
CONSIGNACION CAROLINA MACHADO;PF31510918                                        ;7706718508113;VESTIDO CANCUN;AMARILLO MOSTAZA;702;L                   ;RAGSTYLE;VESTIDO;RAGSTYLE                                ;PROMOCION RAGSTYLE SEPTIEMBRE;VESTIDO LARGO MANGA SISA                ;07/02/2025;NULL;1;0;0;NULL;NULL;NULL;NULL
CONSIGNACION CAROLINA MACHADO;PF31510915                                        ;7706718508243;VESTIDO IBIZA;ROJO VINO;630;M                   ;RAGSTYLE;VESTIDO;RAGSTYLE                                ;PROMO RAGSTYLE SEPTIEMBRE;VESTIDO CORTO MANGA CORTA               ;21/05/2024;NULL;1;0;0;NULL;NULL;NULL;NULL
PRODUCTO TERMINADO SEGUNDAS Y REMANENTES;PF31530107                                        ;7706718518426;ENTERIZO CORTO SAFARI;VERDE MARINO;315;M                   ;RAGSTYLE;ENTERIZO;RAGSTYLE                                ;PROMOCION RAGSTYLE SEPTIEMBRE;ENTERIZO CORTO MANGA CORTA              ;08/02/2022;21/10/2022;1;0;0;NULL;NULL;NULL;NULL
PRODUCTO TERMINADO SEGUNDAS Y REMANENTES;PF11112276                                        ;7706718508540;BLUSA CLIFTON;BLANCO;100;M                   ;TRENDS;CAMISA;RAGGED                                  ;PROMO AB 2022;CAMISA MANGA CORTA                      ;19/04/2022;04/11/2023;2;0;0;NULL;NULL;NULL;NULL
GUAYABAL 2;PF11112275                                        ;7706718509332;CAMISA ANGKOR;CALIDAD TIPO B;0;XS                  ;TRENDS;CAMISA;RAGGED                                  ;PROMO AB 2022;CAMISA MANGA LARGA                      ;02/12/2021;NULL;1;0;0;2/12/2021;2/12/2021;2/12/2021;2/12/2021
PRODUCTO TERMINADO SEGUNDAS Y REMANENTES;PF11112277                                        ;7706718509738;BLUSA KENYA;BLANCO;100;XS                  ;TRENDS;CAMISA;RAGGED                                  ;PROMO AB 2022;CAMISA MANGA SISA                       ;19/04/2022;28/01/2022;1;0;0;NULL;NULL;NULL;NULL
PRODUCTO TERMINADO SEGUNDAS Y REMANENTES;PF51120596                                        ;7706718517375;CAMISETA WHITETEE;BLANCO;100;S                   ;FORMETOO;CAMISETA;FORMETOO                                ;PROMO AB 2022;CAMISETA MANGA CORTA                    ;31/07/2025;06/11/2024;1;0;0;NULL;NULL;NULL;NULL
CONSIGNACION CAROLINA MACHADO;PF31510921                                        ;7706718510567;VESTIDO COSTERA;ROSADO;650;M                   ;RAGSTYLE;VESTIDO;RAGSTYLE                                ;PROMO RAGSTYLE SEPTIEMBRE;VESTIDO CORTO DE TIRAS                  ;12/02/2024;NULL;1;0;0;NULL;NULL;NULL;NULL
CONSIGNACION CAROLINA MACHADO;PF31510921                                        ;7706718510536;VESTIDO COSTERA;VERDE PORCELANA;311;M                   ;RAGSTYLE;VESTIDO;RAGSTYLE                                ;PROMO RAGSTYLE SEPTIEMBRE;VESTIDO CORTO DE TIRAS                  ;20/08/2024;NULL;1;0;0;NULL;NULL;NULL;NULL
RIONEGRO;PF35320043                                        ;7706718510659;FALDA INSIGNE;AZUL OSCURO;401;8;RAGSTYLE INDIGO                         ;FALDA;RAGSTYLE                                ;PROMOCION RAGSTYLE SEPTIEMBRE;FALDA CORTA                             ;27/04/2022;13/04/2024;3;0;0;6/04/2022;27/04/2022;6/04/2022;6/04/2022
RIONEGRO;PF35320043                                        ;7706718510628;FALDA INSIGNE;AZUL OSCURO;401;10;RAGSTYLE INDIGO                         ;FALDA;RAGSTYLE                                ;PROMOCION RAGSTYLE SEPTIEMBRE;FALDA CORTA                             ;05/08/2022;08/03/2025;5;0;0;6/04/2022;5/08/2022;6/04/2022;6/04/2022
PRODUCTO TERMINADO SEGUNDAS Y REMANENTES;PF13120532                                        ;7706718511199;BODY BORA BORA;BLANCO CRUDO;101;S                   ;RAGGED;BODY;RAGGED                                  ;OCTUBRE RAGGED C3 2021;BODY                                    ;14/11/2024;14/11/2024;1;0;0;NULL;NULL;NULL;NULL
CONSIGNACION CAROLINA MACHADO;PF13120532                                        ;7706718511229;BODY BORA BORA;FUCSIA;640;L                   ;RAGGED;BODY;RAGGED                                  ;OCTUBRE RAGGED C3 2021;BODY                                    ;09/07/2025;NULL;1;0;0;NULL;NULL;NULL;NULL
PRODUCTO TERMINADO SEGUNDAS Y REMANENTES;PF13120532                                        ;7706718511250;BODY BORA BORA;FUCSIA;640;XL                  ;RAGGED;BODY;RAGGED                                  ;OCTUBRE RAGGED C3 2021;BODY                                    ;26/06/2025;26/06/2025;1;0;0;NULL;NULL;NULL;NULL
UNICO CALI;PF13120532                                        ;7706718511175;BODY BORA BORA;BLANCO CRUDO;101;L                   ;RAGGED;BODY;RAGGED                                  ;OCTUBRE RAGGED C3 2021;BODY                                    ;02/04/2025;10/09/2024;1;0;0;19/10/2021;2/04/2025;19/10/2021;19/10/2021
CONSIGNACION CAROLINA MACHADO;PF31530108                                        ;7706718511793;ENTERIZO BAHAMAS;ROJO PERSA;612;S                   ;RAGSTYLE;ENTERIZO;RAGSTYLE                                ;PROMO RAGSTYLE SEPTIEMBRE;ENTERIZO CORTO MANGA 3/4                ;05/12/2023;05/03/2025;3;0;0;NULL;NULL;NULL;NULL
GUAYABAL 2;PF31530108                                        ;7706718511731;ENTERIZO BAHAMAS;CALIDAD TIPO B;0;S                   ;RAGSTYLE;ENTERIZO;RAGSTYLE                                ;PROMO RAGSTYLE SEPTIEMBRE;ENTERIZO CORTO MANGA 3/4                ;06/03/2025;02/07/2024;1;0;0;17/11/2021;6/03/2025;17/11/2021;17/11/2021
PRODUCTO TERMINADO SEGUNDAS Y REMANENTES;PF31112499                                        ;7706718512288;BLUSA PINK;BLANCO;100;S                   ;RAGSTYLE JEANS WEAR                     ;CAMISA;RAGSTYLE                                ;PROMO RAGSTYLE SEPTIEMBRE;CAMISA MANGA CORTA                      ;07/02/2022;03/01/2022;1;0;0;NULL;NULL;NULL;NULL
CONSIGNACION CAROLINA MACHADO;PF31112508                                        ;7706718512400;BLUSA COCONUT;BLANCO CRUDO;101;S                   ;RAGSTYLE;CAMISA;RAGSTYLE                                ;PROMO ESPECIAL JULIO 2022;CAMISA MANGA 3/4                        ;01/11/2024;NULL;2;0;0;NULL;NULL;NULL;NULL
CONSIGNACION CAROLINA MACHADO;PF31120975                                        ;7706718512738;CAMISETA WISE WOMAN;BLANCO;100;S                   ;RAGSTYLE;CAMISETA;RAGSTYLE                                ;PROMO ESPECIAL JULIO 2022;CAMISETA MANGA CORTA                    ;01/11/2024;31/07/2025;1;0;0;NULL;NULL;NULL;NULL
PRODUCTO TERMINADO SEGUNDAS Y REMANENTES;PF31120975                                        ;7706718512738;CAMISETA WISE WOMAN;BLANCO;100;S                   ;RAGSTYLE;CAMISETA;RAGSTYLE                                ;PROMO ESPECIAL JULIO 2022;CAMISETA MANGA CORTA                    ;31/07/2025;13/11/2024;2;0;0;NULL;NULL;NULL;NULL
CONSIGNACION CAROLINA MACHADO;PF31510923                                        ;7706718512899;VESTIDO LONDRES;ROJO VINO;630;S                   ;RAGSTYLE;VESTIDO;RAGSTYLE                                ;PROMOCION RAGSTYLE SEPTIEMBRE;VESTIDO LARGO MANGA CORTA               ;07/02/2025;NULL;1;0;0;NULL;NULL;NULL;NULL
CONSIGNACION CAROLINA MACHADO;PF31510923                                        ;7706718512875;VESTIDO LONDRES;ROJO VINO;630;L                   ;RAGSTYLE;VESTIDO;RAGSTYLE                                ;PROMOCION RAGSTYLE SEPTIEMBRE;VESTIDO LARGO MANGA CORTA               ;21/05/2024;NULL;1;0;0;NULL;NULL;NULL;NULL
CONSIGNACION CAROLINA MACHADO;PF31112510                                        ;7706718527107;BLUSA PEPAS;ROJO PERSA;612;S                   ;RAGSTYLE;CAMISA;RAGSTYLE                                ;SEPTIEMBRE RAGSTYLE ECOMMERCE 2022;CAMISA MANGA CORTA                      ;01/11/2024;22/05/2025;1;0;0;NULL;NULL;NULL;NULL
CONSIGNACION CAROLINA MACHADO;PF31112510                                        ;7706718527145;BLUSA PEPAS;AMARILLO MOSTAZA;702;S                   ;RAGSTYLE;CAMISA;RAGSTYLE                                ;SEPTIEMBRE RAGSTYLE ECOMMERCE 2022;CAMISA MANGA CORTA                      ;01/11/2024;12/09/2024;2;0;0;NULL;NULL;NULL;NULL
PRODUCTO TERMINADO SEGUNDAS Y REMANENTES;PF31112509                                        ;7706718513179;BLUSA INDIANA;ROSADO OSCURO;651;S                   ;RAGSTYLE;CAMISA;RAGSTYLE                                ;ACUMULADO PROMO AGOSTO 2022;CAMISA MANGA 3/4                        ;31/07/2025;01/11/2024;1;0;0;NULL;NULL;NULL;NULL
CONSIGNACION CAROLINA MACHADO;PF31510924                                        ;7706718513605;VESTIDO WRAP MALI;AMARILLO PURO;700;S                   ;RAGSTYLE;VESTIDO;RAGSTYLE                                ;PROMOCION RAGSTYLE SEPTIEMBRE;VESTIDO CORTO MANGA 3/4                 ;21/05/2024;NULL;1;0;0;NULL;NULL;NULL;NULL
CONSIGNACION CAROLINA MACHADO;PF31510924                                        ;7706718513599;VESTIDO WRAP MALI;AMARILLO PURO;700;M                   ;RAGSTYLE;VESTIDO;RAGSTYLE                                ;PROMOCION RAGSTYLE SEPTIEMBRE;VESTIDO CORTO MANGA 3/4                 ;21/05/2024;31/07/2025;1;0;0;NULL;NULL;NULL;NULL
PRODUCTO TERMINADO SEGUNDAS Y REMANENTES;PF31510924                                        ;7706718513599;VESTIDO WRAP MALI;AMARILLO PURO;700;M                   ;RAGSTYLE;VESTIDO;RAGSTYLE                                ;PROMOCION RAGSTYLE SEPTIEMBRE;VESTIDO CORTO MANGA 3/4                 ;31/07/2025;21/05/2024;2;0;0;NULL;NULL;NULL;NULL
PRODUCTO TERMINADO ECOMMERCE;PF31120976                                        ;7706718514961;TOP ALYSON;VERDE MILITAR;305;XS                  ;RAGSTYLE JEANS WEAR                     ;CAMISETA;RAGSTYLE                                ;REFERENCIAS SIN FOTO MAYO 2024;TOPS                                    ;31/07/2024;29/12/2024;5;0;0;1/04/2022;31/07/2024;1/04/2022;1/04/2022
LA 35;PF31120976                                        ;7706718514954;TOP ALYSON;VERDE MILITAR;305;S                   ;RAGSTYLE JEANS WEAR                     ;CAMISETA;RAGSTYLE                                ;REFERENCIAS SIN FOTO MAYO 2024;TOPS                                    ;10/12/2024;NULL;1;0;0;10/12/2024;10/12/2024;10/12/2024;10/12/2024
CONSIGNACION CAROLINA MACHADO;PF31120976                                        ;7706718514916;TOP ALYSON;BLANCO CRUDO;101;S                   ;RAGSTYLE JEANS WEAR                     ;CAMISETA;RAGSTYLE                                ;REFERENCIAS SIN FOTO MAYO 2024;TOPS                                    ;21/05/2024;20/01/2025;1;0;0;NULL;NULL;NULL;NULL
VENDEDOR YENNY SANTAMARIA;PF31120976                                        ;7706718514961;TOP ALYSON;VERDE MILITAR;305;XS                  ;RAGSTYLE JEANS WEAR                     ;CAMISETA;RAGSTYLE                                ;REFERENCIAS SIN FOTO MAYO 2024;TOPS                                    ;26/01/2024;02/11/2023;1;0;0;NULL;NULL;NULL;NULL
CONSIGNACION CAROLINA MACHADO;PF31120976                                        ;7706718896654;TOP ALYSON;AMARILLO MOSTAZA;702;S                   ;RAGSTYLE JEANS WEAR                     ;CAMISETA;RAGSTYLE                                ;REFERENCIAS SIN FOTO MAYO 2024;TOPS                                    ;07/02/2025;NULL;1;0;0;NULL;NULL;NULL;NULL
PRODUCTO TERMINADO SEGUNDAS Y REMANENTES;PF31120976                                        ;7706718896555;TOP ALYSON;VERDE SALVIA;360;L                   ;RAGSTYLE JEANS WEAR                     ;CAMISETA;RAGSTYLE                                ;REFERENCIAS SIN FOTO MAYO 2024;TOPS                                    ;02/02/2024;05/01/2023;1;0;0;NULL;NULL;NULL;NULL
TERMINAL DEL NORTE;AS431282                                          ;7706718545187;LENTES DE SOL 5028;NO APLICA;999;GEN                 ;R-PETITE;GAFAS DE SOL                            ;R-PETITE                                ;GENERICO;GENERICO                                ;05/02/2025;13/10/2021;1;0;0;21/08/2021;5/02/2025;21/08/2021;21/08/2021
TERMINAL DEL NORTE;AS431285                                          ;7706718545248;LENTES DE SOL 5082;NO APLICA;999;GEN                 ;R-PETITE;GAFAS DE SOL                            ;R-PETITE                                ;GENERICO;GENERICO                                ;20/02/2025;22/07/2024;1;0;0;21/08/2021;20/02/2025;21/08/2021;21/08/2021
GUAYABAL 2;AS431288                                          ;7706718545309;LENTES DE SOL 9620;NO APLICA;999;GEN                 ;R-PETITE;GAFAS DE SOL                            ;R-PETITE                                ;GENERICO;GENERICO                                ;15/01/2025;21/03/2024;1;0;0;9/02/2023;15/01/2025;9/02/2023;9/02/2023
GUAYABAL 2;AS431289                                          ;7706718545323;LENTES DE SOL 9623;NO APLICA;999;GEN                 ;R-PETITE;GAFAS DE SOL                            ;R-PETITE                                ;GENERICO;GENERICO                                ;15/01/2025;28/05/2023;1;0;0;10/02/2023;15/01/2025;10/02/2023;10/02/2023
NUESTRO MONTERIA;AS431289                                          ;7706718545323;LENTES DE SOL 9623;NO APLICA;999;GEN                 ;R-PETITE;GAFAS DE SOL                            ;R-PETITE                                ;GENERICO;GENERICO                                ;29/09/2021;NULL;2;0;0;29/09/2021;29/09/2021;29/09/2021;29/09/2021
PUENTE ARANDA;AS431289                                          ;7706718545323;LENTES DE SOL 9623;NO APLICA;999;GEN                 ;R-PETITE;GAFAS DE SOL                            ;R-PETITE                                ;GENERICO;GENERICO                                ;16/01/2024;20/05/2025;1;0;0;10/09/2021;16/01/2024;10/09/2021;10/09/2021
PUENTE ARANDA;AS431290                                          ;7706718545347;LENTES DE SOL 9814;NO APLICA;999;GEN                 ;R-PETITE;GAFAS DE SOL                            ;R-PETITE                                ;GENERICO;GENERICO                                ;13/11/2024;24/07/2024;1;0;0;10/09/2021;13/11/2024;10/09/2021;10/09/2021
FRANQUICIAS;AS431290                                          ;7706718545347;LENTES DE SOL 9814;NO APLICA;999;GEN                 ;R-PETITE;GAFAS DE SOL                            ;R-PETITE                                ;GENERICO;GENERICO                                ;23/10/2023;28/04/2022;1;0;0;31/08/2021;31/08/2021;31/08/2021;31/08/2021
CIUDAD VICTORIA;AS431292                                          ;7706718545385;LENTES DE SOL 9968;NO APLICA;999;GEN                 ;R-PETITE;GAFAS DE SOL                            ;R-PETITE                                ;GENERICO;GENERICO                                ;25/08/2022;26/05/2022;1;0;0;22/11/2021;25/08/2022;22/11/2021;22/11/2021
FRANQUICIAS;AS431294                                          ;7706718545422;LENTES DE SOL 78207G;NO APLICA;999;GEN                 ;R-PETITE;GAFAS DE SOL                            ;R-PETITE                                ;GENERICO;GENERICO                                ;31/08/2021;07/10/2021;1;0;0;31/08/2021;31/08/2021;31/08/2021;31/08/2021
FRANQUICIAS;AS431298                                          ;7706718545507;LENTES DE SOL 78208DR;NO APLICA;999;GEN                 ;R-PETITE;GAFAS DE SOL                            ;R-PETITE                                ;GENERICO;GENERICO                                ;22/11/2021;16/09/2022;1;0;0;31/08/2021;22/11/2021;31/08/2021;31/08/2021
VIVA BARRANQUILLA;AS431300                                          ;7706718545545;LENTES DE SOL 8352RC;NO APLICA;999;GEN                 ;R-PETITE;GAFAS DE SOL                            ;R-PETITE                                ;GENERICO;GENERICO                                ;22/11/2021;03/12/2022;1;0;0;22/11/2021;22/11/2021;22/11/2021;22/11/2021
PEREIRA PLAZA;AS431300                                          ;7706718545545;LENTES DE SOL 8352RC;NO APLICA;999;GEN                 ;R-PETITE;GAFAS DE SOL                            ;R-PETITE                                ;GENERICO;GENERICO                                ;17/04/2024;12/09/2024;1;0;0;22/11/2021;17/04/2024;22/11/2021;22/11/2021
UNICO BARRANQUILLA;AS431305                                          ;7706718545644;LENTES DE SOL P0063RV;NO APLICA;999;GEN                 ;R-PETITE;GAFAS DE SOL                            ;R-PETITE                                ;GENERICO;GENERICO                                ;18/03/2025;09/04/2024;1;0;0;22/11/2021;18/03/2025;22/11/2021;22/11/2021
PEREIRA PLAZA;AS431305                                          ;7706718545644;LENTES DE SOL P0063RV;NO APLICA;999;GEN                 ;R-PETITE;GAFAS DE SOL                            ;R-PETITE                                ;GENERICO;GENERICO                                ;22/11/2021;10/12/2022;1;0;0;22/11/2021;22/11/2021;22/11/2021;22/11/2021
NUESTRO URABA;AS431305                                          ;7706718545644;LENTES DE SOL P0063RV;NO APLICA;999;GEN                 ;R-PETITE;GAFAS DE SOL                            ;R-PETITE                                ;GENERICO;GENERICO                                ;22/11/2021;03/08/2022;1;0;0;22/11/2021;22/11/2021;22/11/2021;22/11/2021
VIVA BARRANQUILLA;AS431306                                          ;7706718545668;LENTES DE SOL P0076;NO APLICA;999;GEN                 ;R-PETITE;GAFAS DE SOL                            ;R-PETITE                                ;GENERICO;GENERICO                                ;20/10/2021;30/12/2022;1;0;0;20/10/2021;20/10/2021;20/10/2021;20/10/2021
VIVA CAUCASIA;AS431309                                          ;7706718545729;LENTES DE SOL 9981;NO APLICA;999;GEN                 ;R-PETITE;GAFAS DE SOL                            ;R-PETITE                                ;GENERICO;GENERICO                                ;07/03/2022;09/08/2022;1;0;0;10/09/2021;7/03/2022;10/09/2021;10/09/2021
FRANQUICIAS;AS431311                                          ;7706718545767;LENTES DE SOL 73602;NO APLICA;999;GEN                 ;R-PETITE;GAFAS DE SOL                            ;R-PETITE                                ;GENERICO;GENERICO                                ;31/08/2021;28/04/2022;1;0;0;31/08/2021;31/08/2021;31/08/2021;31/08/2021
PRODUCTO TERMINADO SEGUNDAS Y REMANENTES;PF12510251                                        ;7706718516224;VESTIDO STRIPES;CALIDAD TIPO B;0;S                   ;GLAM WORDS;VESTIDO;RAGGED                                  ;PROMO AB 2022;VESTIDO CORTO MANGA 3/4                 ;01/07/2025;30/03/2022;1;0;0;NULL;NULL;NULL;NULL
CONSIGNACION CAROLINA MACHADO;PF12510251                                        ;7706718516293;VESTIDO STRIPES;ROJO CARNAUBA;615;XS                  ;GLAM WORDS;VESTIDO;RAGGED                                  ;PROMO AB 2022;VESTIDO CORTO MANGA 3/4                 ;05/12/2022;NULL;2;0;0;NULL;NULL;NULL;NULL
GUAYABAL 2;PF12510251                                        ;7706718516248;VESTIDO STRIPES;CALIDAD TIPO B;0;XS                  ;GLAM WORDS;VESTIDO;RAGGED                                  ;PROMO AB 2022;VESTIDO CORTO MANGA 3/4                 ;02/12/2021;16/03/2025;1;0;0;2/12/2021;2/12/2021;2/12/2021;2/12/2021
GUAYABAL 2;PF12510251                                        ;7706718516224;VESTIDO STRIPES;CALIDAD TIPO B;0;S                   ;GLAM WORDS;VESTIDO;RAGGED                                  ;PROMO AB 2022;VESTIDO CORTO MANGA 3/4                 ;21/10/2022;01/03/2025;5;0;0;2/12/2021;21/10/2022;2/12/2021;2/12/2021
GUAYABAL 2;PF12510251                                        ;7706718516217;VESTIDO STRIPES;CALIDAD TIPO B;0;M                   ;GLAM WORDS;VESTIDO;RAGGED                                  ;PROMO AB 2022;VESTIDO CORTO MANGA 3/4                 ;02/12/2021;26/07/2025;1;0;0;2/12/2021;2/12/2021;2/12/2021;2/12/2021
GUAYABAL 2;PF12510251                                        ;7706718520184;VESTIDO STRIPES;ROJO PERSA;612;S                   ;GLAM WORDS;VESTIDO;RAGGED                                  ;PROMO AB 2022;VESTIDO CORTO MANGA 3/4                 ;11/01/2025;12/05/2025;3;0;0;4/04/2022;11/01/2025;4/04/2022;4/04/2022
CONSIGNACION CAROLINA MACHADO;PF12510251                                        ;7706718520184;VESTIDO STRIPES;ROJO PERSA;612;S                   ;GLAM WORDS;VESTIDO;RAGGED                                  ;PROMO AB 2022;VESTIDO CORTO MANGA 3/4                 ;13/12/2022;23/10/2023;2;0;0;NULL;NULL;NULL;NULL
CONSIGNACION CAROLINA MACHADO;PF12510251                                        ;7706718520191;VESTIDO STRIPES;ROJO PERSA;612;XL                  ;GLAM WORDS;VESTIDO;RAGGED                                  ;PROMO AB 2022;VESTIDO CORTO MANGA 3/4                 ;01/11/2024;NULL;1;0;0;NULL;NULL;NULL;NULL
CONSIGNACION CAROLINA MACHADO;PF12510251                                        ;7706718520207;VESTIDO STRIPES;ROJO PERSA;612;XS                  ;GLAM WORDS;VESTIDO;RAGGED                                  ;PROMO AB 2022;VESTIDO CORTO MANGA 3/4                 ;09/08/2024;NULL;2;0;0;NULL;NULL;NULL;NULL
RIONEGRO;PF12510251                                        ;7706718520160;VESTIDO STRIPES;ROJO PERSA;612;L                   ;GLAM WORDS;VESTIDO;RAGGED                                  ;PROMO AB 2022;VESTIDO CORTO MANGA 3/4                 ;28/04/2022;27/07/2025;1;0;0;15/09/2021;28/04/2022;15/09/2021;15/09/2021
RIONEGRO;PF12510251                                        ;7706718520177;VESTIDO STRIPES;ROJO PERSA;612;M                   ;GLAM WORDS;VESTIDO;RAGGED                                  ;PROMO AB 2022;VESTIDO CORTO MANGA 3/4                 ;10/02/2022;08/08/2024;1;0;0;15/09/2021;10/02/2022;15/09/2021;15/09/2021
RIONEGRO;PF12510251                                        ;7706718520184;VESTIDO STRIPES;ROJO PERSA;612;S                   ;GLAM WORDS;VESTIDO;RAGGED                                  ;PROMO AB 2022;VESTIDO CORTO MANGA 3/4                 ;28/04/2022;23/07/2025;1;0;0;15/09/2021;28/04/2022;15/09/2021;15/09/2021
PRODUCTO TERMINADO SEGUNDAS Y REMANENTES;PF11112278                                        ;7706718516361;CAMISA ATENAS;AZUL OSCURO;401;M                   ;TRENDS;CAMISA;RAGGED                                  ;PROMO AB 2022;CAMISA MANGA CORTA                      ;27/04/2022;09/08/2024;1;0;0;NULL;NULL;NULL;NULL
PRODUCTO TERMINADO SEGUNDAS Y REMANENTES;PF12310304                                        ;7706718516897;PANTALON CHIPRE;ROSADO BRILLANTE;670;6;GLAM WORDS;PANTALON;RAGGED                                  ;PROMO AB 2022;PANTALON BOTA RECTA                     ;30/09/2022;19/10/2022;1;0;0;NULL;NULL;NULL;NULL
PRODUCTO TERMINADO SEGUNDAS Y REMANENTES;PF51350256                                        ;7706718518112;JEANS FUNKY;AZUL MEDIO;420;14;FOR ME TOO JEANS WEAR                   ;JEANS;FORMETOO                                ;OCTUBRE RAGGED C4 2021;JEANS BOTA RECTA                        ;30/01/2023;11/12/2021;1;0;0;NULL;NULL;NULL;NULL
CONSIGNACION CAROLINA MACHADO;PF12110558                                        ;7706718519430;BLUSA MIKAELA;AMARILLO MOSTAZA;702;S                   ;GLAM WORDS;CAMISA;RAGGED                                  ;PROMO AB 2022;CAMISA DE TIRAS                         ;04/11/2023;20/02/2024;1;0;0;NULL;NULL;NULL;NULL
PRODUCTO TERMINADO SEGUNDAS Y REMANENTES;PF12110558                                        ;7706718519423;BLUSA MIKAELA;AMARILLO MOSTAZA;702;M                   ;GLAM WORDS;CAMISA;RAGGED                                  ;PROMO AB 2022;CAMISA DE TIRAS                         ;01/11/2023;11/12/2021;1;0;0;NULL;NULL;NULL;NULL
CONSIGNACION CAROLINA MACHADO;PF31112515                                        ;7706718519515;BLUSA SUNTROPEZ;AZUL OSCURO;401;S                   ;RAGSTYLE;CAMISA;RAGSTYLE                                ;PROMOCION RAGSTYLE SEPTIEMBRE;CAMISA MANGA CORTA                      ;20/08/2024;06/06/2025;1;0;0;NULL;NULL;NULL;NULL
CONSIGNACION CAROLINA MACHADO;PF31112515                                        ;7706718519553;BLUSA SUNTROPEZ;AMARILLO MOSTAZA;702;S                   ;RAGSTYLE;CAMISA;RAGSTYLE                                ;PROMOCION RAGSTYLE SEPTIEMBRE;CAMISA MANGA CORTA                      ;01/11/2024;24/12/2024;1;0;0;NULL;NULL;NULL;NULL
PRODUCTO TERMINADO SEGUNDAS Y REMANENTES;PF11310649                                        ;7706718520375;PANTALON JORDANIA;BLANCO CRUDO;101;14;TRENDS;PANTALON;RAGGED                                  ;DICIEMBRE RAGGED C1 2021;PANTALON BOTA RECTA                     ;06/09/2024;12/09/2024;1;0;0;NULL;NULL;NULL;NULL
PRODUCTO TERMINADO SEGUNDAS Y REMANENTES;PF11310647                                        ;7706718520566;PANTALON GALICIA;CALIDAD TIPO B;0;6;TRENDS;PANTALON;RAGGED                                  ;PROMO ESPECIAL JULIO 2022;PANTALON BOTA RECTA                     ;01/07/2025;16/09/2024;1;0;0;NULL;NULL;NULL;NULL
CONSIGNACION CAROLINA MACHADO;PF11310647                                        ;7706718520573;PANTALON GALICIA;CALIDAD TIPO B;0;8;TRENDS;PANTALON;RAGGED                                  ;PROMO ESPECIAL JULIO 2022;PANTALON BOTA RECTA                     ;09/07/2025;NULL;1;0;0;NULL;NULL;NULL;NULL
PRODUCTO TERMINADO SEGUNDAS Y REMANENTES;PF11310647                                        ;7706718520573;PANTALON GALICIA;CALIDAD TIPO B;0;8;TRENDS;PANTALON;RAGGED                                  ;PROMO ESPECIAL JULIO 2022;PANTALON BOTA RECTA                     ;01/07/2025;09/07/2025;2;0;0;NULL;NULL;NULL;NULL
PRODUCTO TERMINADO SEGUNDAS Y REMANENTES;PF11310647                                        ;7706718520665;PANTALON GALICIA;ROJO PERSA;612;6;TRENDS;PANTALON;RAGGED                                  ;PROMO ESPECIAL JULIO 2022;PANTALON BOTA RECTA                     ;01/07/2025;16/09/2024;1;0;0;NULL;NULL;NULL;NULL
GUAYABAL 2;PF51510106                                        ;7706718520955;VESTIDO MACARENA;CALIDAD TIPO B;0;XS                  ;FOR ME TOO JEANS WEAR                   ;VESTIDO;FORMETOO                                ;PROMO AB 2022;VESTIDO CORTO MANGA CORTA               ;18/01/2022;26/09/2022;1;0;0;18/01/2022;18/01/2022;18/01/2022;18/01/2022
GUAYABAL 2;PF11120952                                        ;7706718521037;CAMISETA NALAI;CALIDAD TIPO B;0;S                   ;TRENDS;CAMISETA;RAGGED                                  ;PROMO ESPECIAL JULIO 2022;CAMISETA MANGA CORTA                    ;08/04/2025;27/11/2024;1;0;0;5/02/2022;8/04/2025;5/02/2022;5/02/2022
PRODUCTO TERMINADO SEGUNDAS Y REMANENTES;PF11120952                                        ;7706718521129;CAMISETA NALAI;LILA;502;M                   ;TRENDS;CAMISETA;RAGGED                                  ;PROMO ESPECIAL JULIO 2022;CAMISETA MANGA CORTA                    ;31/07/2025;08/04/2025;1;0;0;NULL;NULL;NULL;NULL
GUAYABAL 2;PF11120952                                        ;7706718521020;CAMISETA NALAI;CALIDAD TIPO B;0;M                   ;TRENDS;CAMISETA;RAGGED                                  ;PROMO ESPECIAL JULIO 2022;CAMISETA MANGA CORTA                    ;08/04/2025;11/07/2025;1;0;0;5/02/2022;8/04/2025;5/02/2022;5/02/2022
GUAYABAL 2;PF51350255                                        ;7706718521563;JEANS MOM PALMA;CALIDAD TIPO B;0;12;FOR ME TOO JEANS WEAR                   ;JEANS;FORMETOO                                ;OCTUBRE RAGGED C5 2021;JEANS BOTA RECTA                        ;14/12/2021;22/12/2021;1;0;0;14/12/2021;14/12/2021;14/12/2021;14/12/2021
PRODUCTO TERMINADO ECOMMERCE;PF51350255                                        ;7706718521631;JEANS MOM PALMA;AZUL CLARO;450;6;FOR ME TOO JEANS WEAR                   ;JEANS;FORMETOO                                ;OCTUBRE RAGGED C5 2021;JEANS BOTA RECTA                        ;27/07/2024;08/01/2022;1;0;0;3/11/2021;27/07/2024;3/11/2021;3/11/2021
PRODUCTO TERMINADO ECOMMERCE;PF51350255                                        ;7706718521617;JEANS MOM PALMA;AZUL CLARO;450;12;FOR ME TOO JEANS WEAR                   ;JEANS;FORMETOO                                ;OCTUBRE RAGGED C5 2021;JEANS BOTA RECTA                        ;27/07/2024;08/01/2022;3;0;0;3/11/2021;27/07/2024;3/11/2021;3/11/2021
PRODUCTO TERMINADO ECOMMERCE;PF51350255                                        ;7706718521624;JEANS MOM PALMA;AZUL CLARO;450;14;FOR ME TOO JEANS WEAR                   ;JEANS;FORMETOO                                ;OCTUBRE RAGGED C5 2021;JEANS BOTA RECTA                        ;27/07/2024;08/01/2022;2;0;0;3/11/2021;27/07/2024;3/11/2021;3/11/2021
PRODUCTO TERMINADO ECOMMERCE;PF51350255                                        ;7706718521600;JEANS MOM PALMA;AZUL CLARO;450;10;FOR ME TOO JEANS WEAR                   ;JEANS;FORMETOO                                ;OCTUBRE RAGGED C5 2021;JEANS BOTA RECTA                        ;27/07/2024;08/01/2022;2;0;0;3/11/2021;27/07/2024;3/11/2021;3/11/2021
PLANETA PLAZA 2;PF35110233                                        ;7706718521792;CAMISA VARADERO;AZUL MEDIO;420;S                   ;RAGSTYLE INDIGO                         ;CAMISA;RAGSTYLE                                ;PROMOCION RAGSTYLE MAYO 2024;CAMISA MANGA LARGA                      ;28/05/2025;NULL;1;0;0;28/05/2025;28/05/2025;28/05/2025;28/05/2025
GUAYABAL 2;PF35110233                                        ;7706718521754;CAMISA VARADERO;CALIDAD TIPO B;0;S                   ;RAGSTYLE INDIGO                         ;CAMISA;RAGSTYLE                                ;PROMOCION RAGSTYLE MAYO 2024;CAMISA MANGA LARGA                      ;13/03/2025;16/12/2023;1;0;0;4/12/2023;13/03/2025;4/12/2023;4/12/2023
TERMINAL DEL NORTE;PF51310084                                        ;7706718522379;PALAZZO TOKYO;CALIDAD TIPO B;0;14;FOR ME TOO JEANS WEAR                   ;PANTALON;FORMETOO                                ;PROMO AB 2022;PANTALON BOTA ANCHA                     ;08/04/2025;07/12/2021;1;0;0;2/12/2021;8/04/2025;2/12/2021;2/12/2021
LA 35;PF35510161                                        ;7706718522713;VESTIDO MACARENA;AZUL MEDIO;420;S                   ;RAGSTYLE INDIGO                         ;VESTIDO;RAGSTYLE                                ;PROMOCION RAGSTYLE MAYO 2024;VESTIDO CORTO MANGA CORTA               ;10/12/2024;NULL;1;0;0;10/12/2024;10/12/2024;10/12/2024;10/12/2024
PRODUCTO TERMINADO SEGUNDAS Y REMANENTES;PF11310650                                        ;7706718522799;PANTALON NUQUI;NEGRO;1;12;TRENDS;PANTALON;RAGGED                                  ;PROMO AB 2022;PANTALON BOTA ANCHA                     ;11/01/2024;14/09/2023;1;0;0;NULL;NULL;NULL;NULL
LA 65;PF31320216                                        ;7706718523079;FALDA ANTILLANA;NEGRO;1;8;RAGSTYLE JEANS WEAR                     ;FALDA;RAGGED                                  ;PROMO RAGSTYLE SEPTIEMBRE;FALDA LARGA                             ;29/03/2022;27/11/2023;1;0;0;8/01/2022;29/03/2022;8/01/2022;8/01/2022
LA 65;PF31320216                                        ;7706718523048;FALDA ANTILLANA;NEGRO;1;10;RAGSTYLE JEANS WEAR                     ;FALDA;RAGGED                                  ;PROMO RAGSTYLE SEPTIEMBRE;FALDA LARGA                             ;29/03/2022;15/04/2023;1;0;0;29/03/2022;29/03/2022;29/03/2022;29/03/2022
NUESTRO MONTERIA;PF31320216                                        ;7706718523109;FALDA ANTILLANA;AZUL REY;431;6;RAGSTYLE JEANS WEAR                     ;FALDA;RAGGED                                  ;PROMO RAGSTYLE SEPTIEMBRE;FALDA LARGA                             ;29/11/2023;13/10/2023;2;0;0;4/01/2022;29/11/2023;4/01/2022;4/01/2022
NUESTRO MONTERIA;PF31320216                                        ;7706718523116;FALDA ANTILLANA;AZUL REY;431;8;RAGSTYLE JEANS WEAR                     ;FALDA;RAGGED                                  ;PROMO RAGSTYLE SEPTIEMBRE;FALDA LARGA                             ;18/01/2024;13/10/2023;2;0;0;4/01/2022;18/01/2024;4/01/2022;4/01/2022
NUESTRO MONTERIA;PF31320216                                        ;7706718523086;FALDA ANTILLANA;AZUL REY;431;10;RAGSTYLE JEANS WEAR                     ;FALDA;RAGGED                                  ;PROMO RAGSTYLE SEPTIEMBRE;FALDA LARGA                             ;18/01/2024;13/10/2023;4;0;0;4/01/2022;18/01/2024;4/01/2022;4/01/2022
LA 65;PF31320216                                        ;7706718523086;FALDA ANTILLANA;AZUL REY;431;10;RAGSTYLE JEANS WEAR                     ;FALDA;RAGGED                                  ;PROMO RAGSTYLE SEPTIEMBRE;FALDA LARGA                             ;01/02/2024;12/07/2025;1;0;0;2/11/2022;1/02/2024;2/11/2022;2/11/2022
NUESTRO MONTERIA;PF31320216                                        ;7706718523093;FALDA ANTILLANA;AZUL REY;431;12;RAGSTYLE JEANS WEAR                     ;FALDA;RAGGED                                  ;PROMO RAGSTYLE SEPTIEMBRE;FALDA LARGA                             ;29/11/2023;25/01/2024;1;0;0;4/01/2022;29/11/2023;4/01/2022;4/01/2022
RIONEGRO;PF31320216                                        ;7706718523079;FALDA ANTILLANA;NEGRO;1;8;RAGSTYLE JEANS WEAR                     ;FALDA;RAGGED                                  ;PROMO RAGSTYLE SEPTIEMBRE;FALDA LARGA                             ;06/04/2022;26/08/2023;4;0;0;6/04/2022;6/04/2022;6/04/2022;6/04/2022
RIONEGRO;PF31320216                                        ;7706718523116;FALDA ANTILLANA;AZUL REY;431;8;RAGSTYLE JEANS WEAR                     ;FALDA;RAGGED                                  ;PROMO RAGSTYLE SEPTIEMBRE;FALDA LARGA                             ;08/07/2022;03/12/2023;4;0;0;6/04/2022;8/07/2022;6/04/2022;6/04/2022
LA 35;PF51110943                                        ;7706718523550;CAMISA MALI;AZUL CLARO;450;XS                  ;FOR ME TOO JEANS WEAR                   ;CAMISA;FORMETOO                                ;FMT DROP FEBRERO 1 2024;CAMISA MANGA LARGA                      ;20/02/2024;NULL;4;0;0;20/02/2024;20/02/2024;20/02/2024;20/02/2024
PRODUCTO TERMINADO ECOMMERCE;PF51110943                                        ;7706718523550;CAMISA MALI;AZUL CLARO;450;XS                  ;FOR ME TOO JEANS WEAR                   ;CAMISA;FORMETOO                                ;FMT DROP FEBRERO 1 2024;CAMISA MANGA LARGA                      ;05/02/2024;NULL;3;0;0;5/02/2024;5/02/2024;5/02/2024;5/02/2024
LA 35;PF51110943                                        ;7706718523536;CAMISA MALI;AZUL CLARO;450;S                   ;FOR ME TOO JEANS WEAR                   ;CAMISA;FORMETOO                                ;FMT DROP FEBRERO 1 2024;CAMISA MANGA LARGA                      ;20/02/2024;19/03/2025;4;0;0;20/02/2024;20/02/2024;20/02/2024;20/02/2024
PRODUCTO TERMINADO ECOMMERCE;PF51110943                                        ;7706718523536;CAMISA MALI;AZUL CLARO;450;S                   ;FOR ME TOO JEANS WEAR                   ;CAMISA;FORMETOO                                ;FMT DROP FEBRERO 1 2024;CAMISA MANGA LARGA                      ;05/02/2024;05/12/2024;5;0;0;5/02/2024;5/02/2024;5/02/2024;5/02/2024
LA 35;PF51110943                                        ;7706718523529;CAMISA MALI;AZUL CLARO;450;M                   ;FOR ME TOO JEANS WEAR                   ;CAMISA;FORMETOO                                ;FMT DROP FEBRERO 1 2024;CAMISA MANGA LARGA                      ;20/02/2024;21/06/2025;6;0;0;20/02/2024;20/02/2024;20/02/2024;20/02/2024
PRODUCTO TERMINADO ECOMMERCE;PF51110943                                        ;7706718523529;CAMISA MALI;AZUL CLARO;450;M                   ;FOR ME TOO JEANS WEAR                   ;CAMISA;FORMETOO                                ;FMT DROP FEBRERO 1 2024;CAMISA MANGA LARGA                      ;05/02/2024;04/12/2024;5;0;0;5/02/2024;5/02/2024;5/02/2024;5/02/2024
LA 35;PF51110943                                        ;7706718523512;CAMISA MALI;AZUL CLARO;450;L                   ;FOR ME TOO JEANS WEAR                   ;CAMISA;FORMETOO                                ;FMT DROP FEBRERO 1 2024;CAMISA MANGA LARGA                      ;20/02/2024;20/08/2024;3;0;0;20/02/2024;20/02/2024;20/02/2024;20/02/2024
NUESTRO URABA;PF51110943                                        ;7706718523550;CAMISA MALI;AZUL CLARO;450;XS                  ;FOR ME TOO JEANS WEAR                   ;CAMISA;FORMETOO                                ;FMT DROP FEBRERO 1 2024;CAMISA MANGA LARGA                      ;20/02/2024;12/04/2025;2;0;0;20/02/2024;20/02/2024;20/02/2024;20/02/2024
GRAN ESTACION;PF51110943                                        ;7706718523550;CAMISA MALI;AZUL CLARO;450;XS                  ;FOR ME TOO JEANS WEAR                   ;CAMISA;FORMETOO                                ;FMT DROP FEBRERO 1 2024;CAMISA MANGA LARGA                      ;18/05/2024;20/09/2024;1;0;0;20/02/2024;18/05/2024;20/02/2024;20/02/2024
NUESTRO URABA;PF51110943                                        ;7706718523536;CAMISA MALI;AZUL CLARO;450;S                   ;FOR ME TOO JEANS WEAR                   ;CAMISA;FORMETOO                                ;FMT DROP FEBRERO 1 2024;CAMISA MANGA LARGA                      ;20/02/2024;27/01/2025;3;0;0;20/02/2024;20/02/2024;20/02/2024;20/02/2024
GRAN ESTACION;PF51110943                                        ;7706718523536;CAMISA MALI;AZUL CLARO;450;S                   ;FOR ME TOO JEANS WEAR                   ;CAMISA;FORMETOO                                ;FMT DROP FEBRERO 1 2024;CAMISA MANGA LARGA                      ;11/07/2024;22/12/2024;1;0;0;20/02/2024;11/07/2024;20/02/2024;20/02/2024
NUESTRO URABA;PF51110943                                        ;7706718523529;CAMISA MALI;AZUL CLARO;450;M                   ;FOR ME TOO JEANS WEAR                   ;CAMISA;FORMETOO                                ;FMT DROP FEBRERO 1 2024;CAMISA MANGA LARGA                      ;20/02/2024;11/04/2025;6;0;0;20/02/2024;20/02/2024;20/02/2024;20/02/2024
GRAN ESTACION;PF51110943                                        ;7706718523529;CAMISA MALI;AZUL CLARO;450;M                   ;FOR ME TOO JEANS WEAR                   ;CAMISA;FORMETOO                                ;FMT DROP FEBRERO 1 2024;CAMISA MANGA LARGA                      ;31/07/2024;18/10/2024;6;0;0;20/02/2024;31/07/2024;20/02/2024;20/02/2024
NUESTRO URABA;PF51110943                                        ;7706718523512;CAMISA MALI;AZUL CLARO;450;L                   ;FOR ME TOO JEANS WEAR                   ;CAMISA;FORMETOO                                ;FMT DROP FEBRERO 1 2024;CAMISA MANGA LARGA                      ;20/02/2024;11/05/2024;1;0;0;20/02/2024;20/02/2024;20/02/2024;20/02/2024
GRAN ESTACION;PF51110943                                        ;7706718523512;CAMISA MALI;AZUL CLARO;450;L                   ;FOR ME TOO JEANS WEAR                   ;CAMISA;FORMETOO                                ;FMT DROP FEBRERO 1 2024;CAMISA MANGA LARGA                      ;18/05/2024;22/05/2024;4;0;0;20/02/2024;18/05/2024;20/02/2024;20/02/2024
NUESTRO URABA;PF51110943                                        ;7706718523543;CAMISA MALI;AZUL CLARO;450;XL                  ;FOR ME TOO JEANS WEAR                   ;CAMISA;FORMETOO                                ;FMT DROP FEBRERO 1 2024;CAMISA MANGA LARGA                      ;20/02/2024;NULL;3;0;0;20/02/2024;20/02/2024;20/02/2024;20/02/2024
GRAN ESTACION;PF51110943                                        ;7706718523543;CAMISA MALI;AZUL CLARO;450;XL                  ;FOR ME TOO JEANS WEAR                   ;CAMISA;FORMETOO                                ;FMT DROP FEBRERO 1 2024;CAMISA MANGA LARGA                      ;18/05/2024;11/12/2024;3;0;0;20/02/2024;18/05/2024;20/02/2024;20/02/2024
PEREIRA PLAZA;PF51110943                                        ;7706718523550;CAMISA MALI;AZUL CLARO;450;XS                  ;FOR ME TOO JEANS WEAR                   ;CAMISA;FORMETOO                                ;FMT DROP FEBRERO 1 2024;CAMISA MANGA LARGA                      ;31/03/2025;28/03/2025;2;0;0;20/02/2024;31/03/2025;20/02/2024;20/02/2024
PEREIRA PLAZA;PF51110943                                        ;7706718523536;CAMISA MALI;AZUL CLARO;450;S                   ;FOR ME TOO JEANS WEAR                   ;CAMISA;FORMETOO                                ;FMT DROP FEBRERO 1 2024;CAMISA MANGA LARGA                      ;20/02/2024;26/01/2025;3;0;0;20/02/2024;20/02/2024;20/02/2024;20/02/2024
PEREIRA PLAZA;PF51110943                                        ;7706718523529;CAMISA MALI;AZUL CLARO;450;M                   ;FOR ME TOO JEANS WEAR                   ;CAMISA;FORMETOO                                ;FMT DROP FEBRERO 1 2024;CAMISA MANGA LARGA                      ;20/02/2024;06/02/2025;3;0;0;20/02/2024;20/02/2024;20/02/2024;20/02/2024
PEREIRA PLAZA;PF51110943                                        ;7706718523543;CAMISA MALI;AZUL CLARO;450;XL                  ;FOR ME TOO JEANS WEAR                   ;CAMISA;FORMETOO                                ;FMT DROP FEBRERO 1 2024;CAMISA MANGA LARGA                      ;20/02/2024;NULL;3;0;0;20/02/2024;20/02/2024;20/02/2024;20/02/2024
FOR ME TOO;PF51110943                                        ;7706718523550;CAMISA MALI;AZUL CLARO;450;XS                  ;FOR ME TOO JEANS WEAR                   ;CAMISA;FORMETOO                                ;FMT DROP FEBRERO 1 2024;CAMISA MANGA LARGA                      ;25/07/2025;24/06/2025;5;0;0;5/02/2024;25/07/2025;5/02/2024;5/02/2024
PLANETA PLAZA;PF51110943                                        ;7706718523550;CAMISA MALI;AZUL CLARO;450;XS                  ;FOR ME TOO JEANS WEAR                   ;CAMISA;FORMETOO                                ;FMT DROP FEBRERO 1 2024;CAMISA MANGA LARGA                      ;08/06/2025;NULL;1;0;0;8/06/2025;8/06/2025;8/06/2025;8/06/2025
FOR ME TOO;PF51110943                                        ;7706718523536;CAMISA MALI;AZUL CLARO;450;S                   ;FOR ME TOO JEANS WEAR                   ;CAMISA;FORMETOO                                ;FMT DROP FEBRERO 1 2024;CAMISA MANGA LARGA                      ;25/07/2025;18/07/2025;16;0;0;5/02/2024;25/07/2025;5/02/2024;5/02/2024
PLANETA PLAZA;PF51110943                                        ;7706718523536;CAMISA MALI;AZUL CLARO;450;S                   ;FOR ME TOO JEANS WEAR                   ;CAMISA;FORMETOO                                ;FMT DROP FEBRERO 1 2024;CAMISA MANGA LARGA                      ;08/06/2025;NULL;2;0;0;8/06/2025;8/06/2025;8/06/2025;8/06/2025
FOR ME TOO;PF51110943                                        ;7706718523529;CAMISA MALI;AZUL CLARO;450;M                   ;FOR ME TOO JEANS WEAR                   ;CAMISA;FORMETOO                                ;FMT DROP FEBRERO 1 2024;CAMISA MANGA LARGA                      ;25/07/2025;24/06/2025;16;0;0;5/02/2024;25/07/2025;5/02/2024;5/02/2024
PLANETA PLAZA;PF51110943                                        ;7706718523529;CAMISA MALI;AZUL CLARO;450;M                   ;FOR ME TOO JEANS WEAR                   ;CAMISA;FORMETOO                                ;FMT DROP FEBRERO 1 2024;CAMISA MANGA LARGA                      ;08/06/2025;28/06/2025;1;0;0;8/06/2025;8/06/2025;8/06/2025;8/06/2025
PRODUCTO TERMINADO SEGUNDAS Y REMANENTES;PF51110943                                        ;7706718523550;CAMISA MALI;AZUL CLARO;450;XS                  ;FOR ME TOO JEANS WEAR                   ;CAMISA;FORMETOO                                ;FMT DROP FEBRERO 1 2024;CAMISA MANGA LARGA                      ;01/07/2025;NULL;3;0;0;NULL;NULL;NULL;NULL
PRODUCTO TERMINADO SEGUNDAS Y REMANENTES;PF51110943                                        ;7706718523536;CAMISA MALI;AZUL CLARO;450;S                   ;FOR ME TOO JEANS WEAR                   ;CAMISA;FORMETOO                                ;FMT DROP FEBRERO 1 2024;CAMISA MANGA LARGA                      ;01/07/2025;02/01/2024;4;0;0;NULL;NULL;NULL;NULL
PRODUCTO TERMINADO SEGUNDAS Y REMANENTES;PF51110943                                        ;7706718523529;CAMISA MALI;AZUL CLARO;450;M                   ;FOR ME TOO JEANS WEAR                   ;CAMISA;FORMETOO                                ;FMT DROP FEBRERO 1 2024;CAMISA MANGA LARGA                      ;01/07/2025;02/01/2024;2;0;0;NULL;NULL;NULL;NULL
PRODUCTO TERMINADO ECOMMERCE;PF51110943                                        ;7706718523512;CAMISA MALI;AZUL CLARO;450;L                   ;FOR ME TOO JEANS WEAR                   ;CAMISA;FORMETOO                                ;FMT DROP FEBRERO 1 2024;CAMISA MANGA LARGA                      ;05/02/2024;NULL;3;0;0;5/02/2024;5/02/2024;5/02/2024;5/02/2024
LA 35;PF51110943                                        ;7706718523543;CAMISA MALI;AZUL CLARO;450;XL                  ;FOR ME TOO JEANS WEAR                   ;CAMISA;FORMETOO                                ;FMT DROP FEBRERO 1 2024;CAMISA MANGA LARGA                      ;20/02/2024;02/09/2024;3;0;0;20/02/2024;20/02/2024;20/02/2024;20/02/2024
PRODUCTO TERMINADO ECOMMERCE;PF51110943                                        ;7706718523543;CAMISA MALI;AZUL CLARO;450;XL                  ;FOR ME TOO JEANS WEAR                   ;CAMISA;FORMETOO                                ;FMT DROP FEBRERO 1 2024;CAMISA MANGA LARGA                      ;05/02/2024;NULL;3;0;0;5/02/2024;5/02/2024;5/02/2024;5/02/2024
FOR ME TOO;PF51110943                                        ;7706718523512;CAMISA MALI;AZUL CLARO;450;L                   ;FOR ME TOO JEANS WEAR                   ;CAMISA;FORMETOO                                ;FMT DROP FEBRERO 1 2024;CAMISA MANGA LARGA                      ;25/07/2025;24/06/2025;9;0;0;5/02/2024;25/07/2025;5/02/2024;5/02/2024
PLANETA PLAZA;PF51110943                                        ;7706718523512;CAMISA MALI;AZUL CLARO;450;L                   ;FOR ME TOO JEANS WEAR                   ;CAMISA;FORMETOO                                ;FMT DROP FEBRERO 1 2024;CAMISA MANGA LARGA                      ;08/06/2025;NULL;1;0;0;8/06/2025;8/06/2025;8/06/2025;8/06/2025
FOR ME TOO;PF51110943                                        ;7706718523543;CAMISA MALI;AZUL CLARO;450;XL                  ;FOR ME TOO JEANS WEAR                   ;CAMISA;FORMETOO                                ;FMT DROP FEBRERO 1 2024;CAMISA MANGA LARGA                      ;25/07/2025;24/06/2025;9;0;0;5/02/2024;25/07/2025;5/02/2024;5/02/2024
PLANETA PLAZA;PF51110943                                        ;7706718523543;CAMISA MALI;AZUL CLARO;450;XL                  ;FOR ME TOO JEANS WEAR                   ;CAMISA;FORMETOO                                ;FMT DROP FEBRERO 1 2024;CAMISA MANGA LARGA                      ;08/06/2025;NULL;1;0;0;8/06/2025;8/06/2025;8/06/2025;8/06/2025
GUAYABAL 2;PF51110943                                        ;7706718523482;CAMISA MALI;CALIDAD TIPO B;0;S                   ;FOR ME TOO JEANS WEAR                   ;CAMISA;FORMETOO                                ;FMT DROP FEBRERO 1 2024;CAMISA MANGA LARGA                      ;22/07/2025;16/07/2025;1;0;0;12/07/2025;22/07/2025;12/07/2025;12/07/2025
BELLO 2;PF51110943                                        ;7706718523550;CAMISA MALI;AZUL CLARO;450;XS                  ;FOR ME TOO JEANS WEAR                   ;CAMISA;FORMETOO                                ;FMT DROP FEBRERO 1 2024;CAMISA MANGA LARGA                      ;27/11/2024;24/08/2024;2;0;0;20/02/2024;27/11/2024;20/02/2024;20/02/2024
PUENTE ARANDA;PF51110943                                        ;7706718523550;CAMISA MALI;AZUL CLARO;450;XS                  ;FOR ME TOO JEANS WEAR                   ;CAMISA;FORMETOO                                ;FMT DROP FEBRERO 1 2024;CAMISA MANGA LARGA                      ;22/05/2024;07/06/2025;1;0;0;20/02/2024;22/05/2024;20/02/2024;20/02/2024
LA 65;PF51110943                                        ;7706718523550;CAMISA MALI;AZUL CLARO;450;XS                  ;FOR ME TOO JEANS WEAR                   ;CAMISA;FORMETOO                                ;FMT DROP FEBRERO 1 2024;CAMISA MANGA LARGA                      ;12/04/2025;NULL;1;0;0;12/04/2025;12/04/2025;12/04/2025;12/04/2025
NUESTRO MONTERIA 2;PF51110943                                        ;7706718523550;CAMISA MALI;AZUL CLARO;450;XS                  ;FOR ME TOO JEANS WEAR                   ;CAMISA;FORMETOO                                ;FMT DROP FEBRERO 1 2024;CAMISA MANGA LARGA                      ;05/02/2024;30/05/2024;1;0;0;5/02/2024;5/02/2024;5/02/2024;5/02/2024
FOR ME TOO NUESTRO ATLANTICO;PF51110943                                        ;7706718523550;CAMISA MALI;AZUL CLARO;450;XS                  ;FOR ME TOO JEANS WEAR                   ;CAMISA;FORMETOO                                ;FMT DROP FEBRERO 1 2024;CAMISA MANGA LARGA                      ;24/06/2025;29/04/2025;1;0;0;12/12/2024;24/06/2025;12/12/2024;12/12/2024
BELLO 2;PF51110943                                        ;7706718523536;CAMISA MALI;AZUL CLARO;450;S                   ;FOR ME TOO JEANS WEAR                   ;CAMISA;FORMETOO                                ;FMT DROP FEBRERO 1 2024;CAMISA MANGA LARGA                      ;27/11/2024;17/03/2025;1;0;0;20/02/2024;27/11/2024;20/02/2024;20/02/2024
PUENTE ARANDA;PF51110943                                        ;7706718523536;CAMISA MALI;AZUL CLARO;450;S                   ;FOR ME TOO JEANS WEAR                   ;CAMISA;FORMETOO                                ;FMT DROP FEBRERO 1 2024;CAMISA MANGA LARGA                      ;27/05/2024;29/08/2024;4;0;0;20/02/2024;27/05/2024;20/02/2024;20/02/2024
NUESTRO MONTERIA 2;PF51110943                                        ;7706718523536;CAMISA MALI;AZUL CLARO;450;S                   ;FOR ME TOO JEANS WEAR                   ;CAMISA;FORMETOO                                ;FMT DROP FEBRERO 1 2024;CAMISA MANGA LARGA                      ;05/02/2024;24/07/2025;3;0;0;5/02/2024;5/02/2024;5/02/2024;5/02/2024
FOR ME TOO NUESTRO ATLANTICO;PF51110943                                        ;7706718523536;CAMISA MALI;AZUL CLARO;450;S                   ;FOR ME TOO JEANS WEAR                   ;CAMISA;FORMETOO                                ;FMT DROP FEBRERO 1 2024;CAMISA MANGA LARGA                      ;24/06/2025;29/04/2025;3;0;0;12/12/2024;24/06/2025;12/12/2024;12/12/2024
BELLO 2;PF51110943                                        ;7706718523529;CAMISA MALI;AZUL CLARO;450;M                   ;FOR ME TOO JEANS WEAR                   ;CAMISA;FORMETOO                                ;FMT DROP FEBRERO 1 2024;CAMISA MANGA LARGA                      ;27/11/2024;29/03/2025;6;0;0;20/02/2024;27/11/2024;20/02/2024;20/02/2024
PUENTE ARANDA;PF51110943                                        ;7706718523529;CAMISA MALI;AZUL CLARO;450;M                   ;FOR ME TOO JEANS WEAR                   ;CAMISA;FORMETOO                                ;FMT DROP FEBRERO 1 2024;CAMISA MANGA LARGA                      ;22/05/2024;25/01/2025;4;0;0;20/02/2024;22/05/2024;20/02/2024;20/02/2024
LA 65;PF51110943                                        ;7706718523529;CAMISA MALI;AZUL CLARO;450;M                   ;FOR ME TOO JEANS WEAR                   ;CAMISA;FORMETOO                                ;FMT DROP FEBRERO 1 2024;CAMISA MANGA LARGA                      ;11/04/2025;29/03/2025;3;0;0;25/08/2024;11/04/2025;25/08/2024;25/08/2024
NUESTRO MONTERIA 2;PF51110943                                        ;7706718523529;CAMISA MALI;AZUL CLARO;450;M                   ;FOR ME TOO JEANS WEAR                   ;CAMISA;FORMETOO                                ;FMT DROP FEBRERO 1 2024;CAMISA MANGA LARGA                      ;05/02/2024;24/07/2025;3;0;0;5/02/2024;5/02/2024;5/02/2024;5/02/2024
FOR ME TOO NUESTRO ATLANTICO;PF51110943                                        ;7706718523529;CAMISA MALI;AZUL CLARO;450;M                   ;FOR ME TOO JEANS WEAR                   ;CAMISA;FORMETOO                                ;FMT DROP FEBRERO 1 2024;CAMISA MANGA LARGA                      ;24/06/2025;29/04/2025;1;0;0;12/12/2024;24/06/2025;12/12/2024;12/12/2024
BELLO 2;PF51110943                                        ;7706718523512;CAMISA MALI;AZUL CLARO;450;L                   ;FOR ME TOO JEANS WEAR                   ;CAMISA;FORMETOO                                ;FMT DROP FEBRERO 1 2024;CAMISA MANGA LARGA                      ;27/11/2024;29/01/2025;4;0;0;20/02/2024;27/11/2024;20/02/2024;20/02/2024
PUENTE ARANDA;PF51110943                                        ;7706718523512;CAMISA MALI;AZUL CLARO;450;L                   ;FOR ME TOO JEANS WEAR                   ;CAMISA;FORMETOO                                ;FMT DROP FEBRERO 1 2024;CAMISA MANGA LARGA                      ;22/05/2024;27/06/2024;4;0;0;20/02/2024;22/05/2024;20/02/2024;20/02/2024
NUESTRO MONTERIA 2;PF51110943                                        ;7706718523512;CAMISA MALI;AZUL CLARO;450;L                   ;FOR ME TOO JEANS WEAR                   ;CAMISA;FORMETOO                                ;FMT DROP FEBRERO 1 2024;CAMISA MANGA LARGA                      ;05/02/2024;24/07/2025;1;0;0;5/02/2024;5/02/2024;5/02/2024;5/02/2024
FOR ME TOO NUESTRO ATLANTICO;PF51110943                                        ;7706718523512;CAMISA MALI;AZUL CLARO;450;L                   ;FOR ME TOO JEANS WEAR                   ;CAMISA;FORMETOO                                ;FMT DROP FEBRERO 1 2024;CAMISA MANGA LARGA                      ;24/06/2025;29/04/2025;1;0;0;12/12/2024;24/06/2025;12/12/2024;12/12/2024
PUENTE ARANDA;PF51110943                                        ;7706718523543;CAMISA MALI;AZUL CLARO;450;XL                  ;FOR ME TOO JEANS WEAR                   ;CAMISA;FORMETOO                                ;FMT DROP FEBRERO 1 2024;CAMISA MANGA LARGA                      ;22/05/2024;26/12/2024;3;0;0;20/02/2024;22/05/2024;20/02/2024;20/02/2024
LA 65;PF51110943                                        ;7706718523543;CAMISA MALI;AZUL CLARO;450;XL                  ;FOR ME TOO JEANS WEAR                   ;CAMISA;FORMETOO                                ;FMT DROP FEBRERO 1 2024;CAMISA MANGA LARGA                      ;18/11/2024;28/06/2025;1;0;0;18/11/2024;18/11/2024;18/11/2024;18/11/2024
NUESTRO MONTERIA 2;PF51110943                                        ;7706718523543;CAMISA MALI;AZUL CLARO;450;XL                  ;FOR ME TOO JEANS WEAR                   ;CAMISA;FORMETOO                                ;FMT DROP FEBRERO 1 2024;CAMISA MANGA LARGA                      ;05/02/2024;24/07/2025;1;0;0;5/02/2024;5/02/2024;5/02/2024;5/02/2024
FOR ME TOO NUESTRO ATLANTICO;PF51110943                                        ;7706718523543;CAMISA MALI;AZUL CLARO;450;XL                  ;FOR ME TOO JEANS WEAR                   ;CAMISA;FORMETOO                                ;FMT DROP FEBRERO 1 2024;CAMISA MANGA LARGA                      ;24/06/2025;29/04/2025;1;0;0;12/12/2024;24/06/2025;12/12/2024;12/12/2024
TERMINAL DEL NORTE;PF51110943                                        ;7706718523482;CAMISA MALI;CALIDAD TIPO B;0;S                   ;FOR ME TOO JEANS WEAR                   ;CAMISA;FORMETOO                                ;FMT DROP FEBRERO 1 2024;CAMISA MANGA LARGA                      ;02/01/2025;12/07/2025;5;0;0;5/11/2024;2/01/2025;5/11/2024;5/11/2024
RIONEGRO;PF51110943                                        ;7706718523536;CAMISA MALI;AZUL CLARO;450;S                   ;FOR ME TOO JEANS WEAR                   ;CAMISA;FORMETOO                                ;FMT DROP FEBRERO 1 2024;CAMISA MANGA LARGA                      ;04/12/2024;27/06/2025;4;0;0;20/02/2024;4/12/2024;20/02/2024;20/02/2024
RIONEGRO;PF51110943                                        ;7706718523529;CAMISA MALI;AZUL CLARO;450;M                   ;FOR ME TOO JEANS WEAR                   ;CAMISA;FORMETOO                                ;FMT DROP FEBRERO 1 2024;CAMISA MANGA LARGA                      ;20/02/2024;12/04/2025;4;0;0;20/02/2024;20/02/2024;20/02/2024;20/02/2024
RIONEGRO;PF51110943                                        ;7706718523512;CAMISA MALI;AZUL CLARO;450;L                   ;FOR ME TOO JEANS WEAR                   ;CAMISA;FORMETOO                                ;FMT DROP FEBRERO 1 2024;CAMISA MANGA LARGA                      ;20/02/2024;14/06/2024;2;0;0;20/02/2024;20/02/2024;20/02/2024;20/02/2024
RIONEGRO;PF51110943                                        ;7706718523543;CAMISA MALI;AZUL CLARO;450;XL                  ;FOR ME TOO JEANS WEAR                   ;CAMISA;FORMETOO                                ;FMT DROP FEBRERO 1 2024;CAMISA MANGA LARGA                      ;20/02/2024;14/06/2024;2;0;0;20/02/2024;20/02/2024;20/02/2024;20/02/2024
PRODUCTO TERMINADO ECOMMERCE;PF31120982                                        ;7706718523628;CAMISETA REMEMBER;BLANCO;100;S                   ;RAGSTYLE JEANS WEAR                     ;CAMISETA;RAGSTYLE                                ;PROMOCION RAGSTYLE OCTUBRE;CAMISETA MANGA CORTA                    ;21/07/2022;12/03/2023;1;0;0;7/04/2022;21/07/2022;7/04/2022;7/04/2022
PRODUCTO TERMINADO ECOMMERCE;PF31120982                                        ;7706718523611;CAMISETA REMEMBER;BLANCO;100;M                   ;RAGSTYLE JEANS WEAR                     ;CAMISETA;RAGSTYLE                                ;PROMOCION RAGSTYLE OCTUBRE;CAMISETA MANGA CORTA                    ;07/04/2022;24/12/2024;4;0;0;7/04/2022;7/04/2022;7/04/2022;7/04/2022
PRODUCTO TERMINADO ECOMMERCE;PF31120982                                        ;7706718523604;CAMISETA REMEMBER;BLANCO;100;L                   ;RAGSTYLE JEANS WEAR                     ;CAMISETA;RAGSTYLE                                ;PROMOCION RAGSTYLE OCTUBRE;CAMISETA MANGA CORTA                    ;07/04/2022;07/04/2023;6;0;0;7/04/2022;7/04/2022;7/04/2022;7/04/2022
PRODUCTO TERMINADO SEGUNDAS Y REMANENTES;PF31120982                                        ;7706718523628;CAMISETA REMEMBER;BLANCO;100;S                   ;RAGSTYLE JEANS WEAR                     ;CAMISETA;RAGSTYLE                                ;PROMOCION RAGSTYLE OCTUBRE;CAMISETA MANGA CORTA                    ;12/09/2023;14/09/2023;3;0;0;NULL;NULL;NULL;NULL
CONSIGNACION CAROLINA MACHADO;PF13120538                                        ;7706718524380;TOP AMARANTO;BEIGE CLARO;270;S                   ;RAGGED;CAMISETA;RAGGED                                  ;PROMO AB 2022;CAMISETA MANGA CORTA                    ;21/05/2024;NULL;1;0;0;NULL;NULL;NULL;NULL
CONSIGNACION CAROLINA MACHADO;PF13120538                                        ;7706718524434;TOP AMARANTO;AMARILLO MOSTAZA;702;XS                  ;RAGGED;CAMISETA;RAGGED                                  ;PROMO AB 2022;CAMISETA MANGA CORTA                    ;03/11/2023;NULL;1;0;0;NULL;NULL;NULL;NULL
CONSIGNACION CAROLINA MACHADO;PF31112518                                        ;7706718525042;BLUSA BERSHKA;BLANCO;100;S                   ;RAGSTYLE;CAMISA;RAGSTYLE                                ;PROMO ESPECIAL JULIO 2022;CAMISA MANGA CORTA                      ;01/11/2024;NULL;1;0;0;NULL;NULL;NULL;NULL
NUESTRO URABA;PF12510255                                        ;7706718525387;VESTIDO SUNTROPEZ;AMARILLO MOSTAZA;702;S                   ;GLAM WORDS;VESTIDO;RAGGED                                  ;PROMO AB 2022;VESTIDO CORTO MANGA CORTA               ;22/09/2021;04/02/2022;1;0;0;22/09/2021;22/09/2021;22/09/2021;22/09/2021
NUESTRO URABA;PF12510255                                        ;7706718525370;VESTIDO SUNTROPEZ;AMARILLO MOSTAZA;702;M                   ;GLAM WORDS;VESTIDO;RAGGED                                  ;PROMO AB 2022;VESTIDO CORTO MANGA CORTA               ;22/09/2021;21/10/2021;1;0;0;22/09/2021;22/09/2021;22/09/2021;22/09/2021
NUESTRO URABA;PF12510255                                        ;7706718525325;VESTIDO SUNTROPEZ;AZUL OSCURO;401;M                   ;GLAM WORDS;VESTIDO;RAGGED                                  ;PROMO AB 2022;VESTIDO CORTO MANGA CORTA               ;21/11/2021;20/11/2021;1;0;0;22/09/2021;21/11/2021;22/09/2021;22/09/2021
NUESTRO URABA;PF12510255                                        ;7706718525318;VESTIDO SUNTROPEZ;AZUL OSCURO;401;L                   ;GLAM WORDS;VESTIDO;RAGGED                                  ;PROMO AB 2022;VESTIDO CORTO MANGA CORTA               ;20/11/2021;04/11/2021;1;0;0;22/09/2021;20/11/2021;22/09/2021;22/09/2021
VENDEDOR YENNY SANTAMARIA;PF31120977                                        ;7706718525592;TOP PENELOPE;LILA;502;S                   ;RAGSTYLE;CAMISETA;RAGSTYLE                                ;RAGSTYLE ENERO 2024 (AGOSTO 2023);CAMISETA MANGA SISA                     ;26/01/2024;02/11/2023;1;0;0;NULL;NULL;NULL;NULL
GUAYABAL 2;PF31120977                                        ;7706718525431;TOP PENELOPE;CALIDAD TIPO B;0;S                   ;RAGSTYLE;CAMISETA;RAGSTYLE                                ;RAGSTYLE ENERO 2024 (AGOSTO 2023);CAMISETA MANGA SISA                     ;10/04/2025;10/05/2025;1;0;0;11/07/2022;10/04/2025;11/07/2022;11/07/2022
LA 35;PF31120977                                        ;7706718525486;TOP PENELOPE;NEGRO;1;XS                  ;RAGSTYLE;CAMISETA;RAGSTYLE                                ;RAGSTYLE ENERO 2024 (AGOSTO 2023);CAMISETA MANGA SISA                     ;10/12/2024;NULL;1;0;0;10/12/2024;10/12/2024;10/12/2024;10/12/2024
MAYORCA;PF31120977                                        ;7706718525479;TOP PENELOPE;NEGRO;1;S                   ;RAGSTYLE;CAMISETA;RAGSTYLE                                ;RAGSTYLE ENERO 2024 (AGOSTO 2023);CAMISETA MANGA SISA                     ;14/01/2025;29/12/2024;1;0;0;9/12/2024;14/01/2025;9/12/2024;9/12/2024
PRODUCTO TERMINADO SEGUNDAS Y REMANENTES;PF31120977                                        ;7704444711043;TOP PENELOPE;VERDE PASTO;321;S                   ;RAGSTYLE;CAMISETA;RAGSTYLE                                ;RAGSTYLE ENERO 2024 (AGOSTO 2023);CAMISETA MANGA SISA                     ;03/05/2024;16/05/2024;1;0;0;NULL;NULL;NULL;NULL
PRODUCTO TERMINADO SEGUNDAS Y REMANENTES;PF31120977                                        ;7704444711029;TOP PENELOPE;VERDE PASTO;321;M                   ;RAGSTYLE;CAMISETA;RAGSTYLE                                ;RAGSTYLE ENERO 2024 (AGOSTO 2023);CAMISETA MANGA SISA                     ;11/03/2025;29/08/2023;1;0;0;NULL;NULL;NULL;NULL
LA 35;PF31120977                                        ;7704444711043;TOP PENELOPE;VERDE PASTO;321;S                   ;RAGSTYLE;CAMISETA;RAGSTYLE                                ;RAGSTYLE ENERO 2024 (AGOSTO 2023);CAMISETA MANGA SISA                     ;10/12/2024;14/12/2024;1;0;0;10/12/2024;10/12/2024;10/12/2024;10/12/2024
PRODUCTO TERMINADO SEGUNDAS Y REMANENTES;PF31120986                                        ;7706718525783;BODY RUCHE TIRANTES;NEGRO;1;M                   ;RAGSTYLE;BODY;RAGSTYLE                                ;SEPTIEMBRE RAGSTYLE ECOMMERCE 2022;BODY                                    ;09/02/2022;09/02/2022;1;0;0;NULL;NULL;NULL;NULL
CONSIGNACION CAROLINA MACHADO;PF31120986                                        ;7706718525837;BODY RUCHE TIRANTES;BLANCO CRUDO;101;S                   ;RAGSTYLE;BODY;RAGSTYLE                                ;SEPTIEMBRE RAGSTYLE ECOMMERCE 2022;BODY                                    ;01/11/2024;31/12/2024;3;0;0;NULL;NULL;NULL;NULL
CONSIGNACION CAROLINA MACHADO;PF31120986                                        ;7706718525912;BODY RUCHE TIRANTES;ROSADO CANDY;665;S                   ;RAGSTYLE;BODY;RAGSTYLE                                ;SEPTIEMBRE RAGSTYLE ECOMMERCE 2022;BODY                                    ;01/11/2024;NULL;1;0;0;NULL;NULL;NULL;NULL
CONSIGNACION CAROLINA MACHADO;PF31120986                                        ;7706718525875;BODY RUCHE TIRANTES;AZUL CLARO;450;S                   ;RAGSTYLE;BODY;RAGSTYLE                                ;SEPTIEMBRE RAGSTYLE ECOMMERCE 2022;BODY                                    ;01/11/2024;28/12/2023;2;0;0;NULL;NULL;NULL;NULL
CONSIGNACION CAROLINA MACHADO;PF13120536                                        ;7706718526193;CROP TOP MIAMI;BLANCO CRUDO;101;S                   ;RAGGED;CAMISETA;RAGGED                                  ;PROMOCION MAYO RAGGED 2024;CAMISETA MANGA SISA                     ;15/07/2025;22/03/2024;3;0;0;NULL;NULL;NULL;NULL
PRODUCTO TERMINADO SEGUNDAS Y REMANENTES;PF13120536                                        ;7706718526193;CROP TOP MIAMI;BLANCO CRUDO;101;S                   ;RAGGED;CAMISETA;RAGGED                                  ;PROMOCION MAYO RAGGED 2024;CAMISETA MANGA SISA                     ;11/07/2025;15/07/2025;4;0;0;NULL;NULL;NULL;NULL
PRODUCTO TERMINADO SEGUNDAS Y REMANENTES;PF13120536                                        ;7706718526186;CROP TOP MIAMI;BLANCO CRUDO;101;M                   ;RAGGED;CAMISETA;RAGGED                                  ;PROMOCION MAYO RAGGED 2024;CAMISETA MANGA SISA                     ;21/02/2024;23/02/2024;7;0;0;NULL;NULL;NULL;NULL
PRODUCTO TERMINADO SEGUNDAS Y REMANENTES;PF13120536                                        ;7706718526179;CROP TOP MIAMI;BLANCO CRUDO;101;L                   ;RAGGED;CAMISETA;RAGGED                                  ;PROMOCION MAYO RAGGED 2024;CAMISETA MANGA SISA                     ;02/02/2024;31/10/2023;3;0;0;NULL;NULL;NULL;NULL
LA 35;PF13120536                                        ;7706718526155;CROP TOP MIAMI;NEGRO;1;S                   ;RAGGED;CAMISETA;RAGGED                                  ;PROMOCION MAYO RAGGED 2024;CAMISETA MANGA SISA                     ;05/02/2024;28/03/2025;1;0;0;17/05/2023;5/02/2024;17/05/2023;17/05/2023
LA 35;PF13120536                                        ;7704444749862;CROP TOP MIAMI;AZUL MEDIO;420;S                   ;RAGGED;CAMISETA;RAGGED                                  ;PROMOCION MAYO RAGGED 2024;CAMISETA MANGA SISA                     ;20/04/2024;24/09/2024;2;0;0;19/10/2023;20/04/2024;19/10/2023;19/10/2023
CONSIGNACION CAROLINA MACHADO;PF31120985                                        ;7706718526605;CROP TOP FRUNCE;VERDE MENTA;331;XS                  ;RAGSTYLE;CAMISETA;RAGSTYLE                                ;AGOSTO ECM RS PROMO 2023;CROPED                                  ;21/05/2024;NULL;1;0;0;NULL;NULL;NULL;NULL
LA 35;PF31120985                                        ;7706718882633;CROP TOP FRUNCE;ROSADO CANDY;665;M                   ;RAGSTYLE;CAMISETA;RAGSTYLE                                ;AGOSTO ECM RS PROMO 2023;CROPED                                  ;02/12/2023;28/12/2024;1;0;0;8/09/2023;2/12/2023;8/09/2023;8/09/2023
PRODUCTO TERMINADO SEGUNDAS Y REMANENTES;PF31120985                                        ;7706718882534;CROP TOP FRUNCE;VERDE ESMERALDA;302;XS                  ;RAGSTYLE;CAMISETA;RAGSTYLE                                ;AGOSTO ECM RS PROMO 2023;CROPED                                  ;13/05/2025;NULL;1;0;0;NULL;NULL;NULL;NULL
LA 65;PF31120985                                        ;7706718882596;CROP TOP FRUNCE;LILA;502;M                   ;RAGSTYLE;CAMISETA;RAGSTYLE                                ;AGOSTO ECM RS PROMO 2023;CROPED                                  ;20/02/2025;12/03/2024;1;0;0;8/09/2023;20/02/2025;8/09/2023;8/09/2023
GUAYABAL 2;PF11511049                                        ;7706718526650;VESTIDO TAYLOR;CALIDAD TIPO B;0;XS                  ;TRENDS;VESTIDO;RAGGED                                  ;ECOMMERCE PROMO SEPTIEMBRE 2022;VESTIDO LARGO MANGA CORTA               ;02/12/2021;08/12/2021;1;0;0;2/12/2021;2/12/2021;2/12/2021;2/12/2021
CONSIGNACION CAROLINA MACHADO;PF31120987                                        ;7706718526865;CAMISETA MARTINA;BLANCO CRUDO;101;S                   ;RAGSTYLE;CAMISETA;RAGSTYLE                                ;PROMO RAGSTYLE NOVIEMBRE 23;CAMISETA MANGA CORTA                    ;01/11/2024;22/07/2025;1;0;0;NULL;NULL;NULL;NULL
CONSIGNACION CAROLINA MACHADO;PF12510256                                        ;7706718527336;VESTIDO SANDIA;NEGRO;1;S                   ;GLAM WORDS;VESTIDO;RAGGED                                  ;PROMO AB 2022;VESTIDO CORTO MANGA CORTA               ;13/12/2022;23/01/2024;1;0;0;NULL;NULL;NULL;NULL
CONSIGNACION CAROLINA MACHADO;PF31310527                                        ;7706718528104;PANTALON SUNTROPEZ;AZUL OSCURO;401;8;RAGSTYLE JEANS WEAR                     ;PANTALON;RAGSTYLE                                ;PROMO RAGSTYLE SEPTIEMBRE;PANTALON BOTA RECTA                     ;28/08/2023;NULL;1;0;0;NULL;NULL;NULL;NULL
CONSIGNACION CAROLINA MACHADO;PF31310527                                        ;7706718528159;PANTALON SUNTROPEZ;ROJO PERSA;612;8;RAGSTYLE JEANS WEAR                     ;PANTALON;RAGSTYLE                                ;PROMO RAGSTYLE SEPTIEMBRE;PANTALON BOTA RECTA                     ;12/02/2024;01/02/2024;1;0;0;NULL;NULL;NULL;NULL
PRODUCTO TERMINADO SEGUNDAS Y REMANENTES;PF31310527                                        ;7706718528159;PANTALON SUNTROPEZ;ROJO PERSA;612;8;RAGSTYLE JEANS WEAR                     ;PANTALON;RAGSTYLE                                ;PROMO RAGSTYLE SEPTIEMBRE;PANTALON BOTA RECTA                     ;01/07/2025;12/02/2024;1;0;0;NULL;NULL;NULL;NULL
CONSIGNACION CAROLINA MACHADO;PF35350185                                        ;7706718528883;JEAN MOM ATLANTIDA;BLANCO CRUDO;101;12;RAGSTYLE INDIGO                         ;JEANS;RAGSTYLE                                ;PROMO RAGSTYLE SEPTIEMBRE;JEANS BOTA RECTA                        ;06/11/2024;NULL;1;0;0;NULL;NULL;NULL;NULL
PRODUCTO TERMINADO SEGUNDAS Y REMANENTES;PF35350185                                        ;7706718528883;JEAN MOM ATLANTIDA;BLANCO CRUDO;101;12;RAGSTYLE INDIGO                         ;JEANS;RAGSTYLE                                ;PROMO RAGSTYLE SEPTIEMBRE;JEANS BOTA RECTA                        ;27/05/2025;05/06/2025;1;0;0;NULL;NULL;NULL;NULL
GUAYABAL 2;PF35350185                                        ;7706718528838;JEAN MOM ATLANTIDA;CALIDAD TIPO B;0;12;RAGSTYLE INDIGO                         ;JEANS;RAGSTYLE                                ;PROMO RAGSTYLE SEPTIEMBRE;JEANS BOTA RECTA                        ;18/06/2025;19/11/2021;1;0;0;19/11/2021;18/06/2025;19/11/2021;19/11/2021
CONSIGNACION CAROLINA MACHADO;PF12510257                                        ;7706718529248;VESTIDO CANALI;ROSADO OSCURO;651;S                   ;GLAM WORDS;VESTIDO;RAGGED                                  ;ECOMMERCE PROMO SEPTIEMBRE 2022;VESTIDO LARGO MANGA SISA                ;04/11/2023;14/12/2023;1;0;0;NULL;NULL;NULL;NULL
TERMINAL DEL NORTE;PF13120534                                        ;7706718530091;CROP TOP TURKS;CALIDAD TIPO B;0;L                   ;RAGGED;CAMISETA;RAGGED                                  ;DICIEMBRE RAGGED C3 2021;TOPS                                    ;11/04/2025;13/04/2022;1;0;0;7/02/2022;11/04/2025;7/02/2022;7/02/2022
CONSIGNACION CAROLINA MACHADO;PF13120534                                        ;7706718530183;CROP TOP TURKS;BEIGE CLARO;270;M                   ;RAGGED;CAMISETA;RAGGED                                  ;DICIEMBRE RAGGED C3 2021;TOPS                                    ;01/11/2024;05/11/2024;1;0;0;NULL;NULL;NULL;NULL
CONSIGNACION CAROLINA MACHADO;PF13120534                                        ;7706718530244;CROP TOP TURKS;AZUL CLARO;450;XS                  ;RAGGED;CAMISETA;RAGGED                                  ;DICIEMBRE RAGGED C3 2021;TOPS                                    ;01/11/2024;NULL;1;0;0;NULL;NULL;NULL;NULL
CONSIGNACION CAROLINA MACHADO;PF13120540                                        ;7706718530879;TOP ATLETICO ABERTURAS;BLANCO CRUDO;101;M                   ;RAGGED;CAMISETA;RAGGED                                  ;PROMO AB 2022;TOPS                                    ;01/11/2024;25/07/2024;1;0;0;NULL;NULL;NULL;NULL
CONSIGNACION CAROLINA MACHADO;PF13120540                                        ;7706718530886;TOP ATLETICO ABERTURAS;BLANCO CRUDO;101;S                   ;RAGGED;CAMISETA;RAGGED                                  ;PROMO AB 2022;TOPS                                    ;01/11/2024;NULL;1;0;0;NULL;NULL;NULL;NULL
CONSIGNACION CAROLINA MACHADO;PF13120539                                        ;7706718531043;BODY MILAN;BLANCO CRUDO;101;S                   ;RAGGED;BODY;RAGGED                                  ;PROMO AB 2022;BODY                                    ;22/10/2022;30/09/2022;1;0;0;NULL;NULL;NULL;NULL
PRODUCTO TERMINADO SEGUNDAS Y REMANENTES;PF11112281                                        ;7706718531159;BLUSA AMARETO;BLANCO CRUDO;101;L                   ;TRENDS;CAMISA;RAGGED                                  ;PROMO AB 2022;CAMISA MANGA CORTA                      ;19/04/2022;11/12/2021;1;0;0;NULL;NULL;NULL;NULL
CONSIGNACION CAROLINA MACHADO;PF11112281                                        ;7706718531180;BLUSA AMARETO;BLANCO CRUDO;101;XL                  ;TRENDS;CAMISA;RAGGED                                  ;PROMO AB 2022;CAMISA MANGA CORTA                      ;01/11/2024;07/12/2022;1;0;0;NULL;NULL;NULL;NULL
PRODUCTO TERMINADO SEGUNDAS Y REMANENTES;PF12110561                                        ;7706718531272;BLUSA BILBAO;CALIDAD TIPO B;0;S                   ;RAGGED;CAMISA;RAGGED                                  ;OCTUBRE RAGGED C4 2021;CAMISA MANGA LARGA                      ;31/07/2025;07/02/2025;1;0;0;NULL;NULL;NULL;NULL
PRODUCTO TERMINADO SEGUNDAS Y REMANENTES;PF12110561                                        ;7706718531319;BLUSA BILBAO;BLANCO;100;M                   ;RAGGED;CAMISA;RAGGED                                  ;OCTUBRE RAGGED C4 2021;CAMISA MANGA LARGA                      ;30/01/2023;21/05/2024;2;0;0;NULL;NULL;NULL;NULL
CONSIGNACION CAROLINA MACHADO;PF51120598                                        ;7706718677772;CAMISETA VIE;LILA;502;XL                  ;FORMETOO;CAMISETA;FORMETOO                                ;JULIO RAGGED C5 2022;CAMISETA MANGA CORTA                    ;07/02/2025;NULL;1;0;0;NULL;NULL;NULL;NULL
PRODUCTO TERMINADO SEGUNDAS Y REMANENTES;PF31510929                                        ;7706718532170;VESTIDO YASUR;AZUL OSCURO;401;S                   ;RAGSTYLE;VESTIDO;RAGSTYLE                                ;OCTUBRE RAGSTYLE 2021;VESTIDO LARGO MANGA CORTA               ;21/01/2025;22/01/2025;2;0;0;NULL;NULL;NULL;NULL
PUENTE ARANDA;PF31112522                                        ;7706718532804;BLUSA LAVARDIN;ROSADO OSCURO;651;S                   ;RAGSTYLE;CAMISA;RAGSTYLE                                ;RAGSTYLE OCTUBRE (ABRIL 2023);CAMISA MANGA 3/4                        ;14/12/2023;NULL;1;0;0;14/12/2023;14/12/2023;14/12/2023;14/12/2023
GUAYABAL 2;PF31310528                                        ;7706718533290;PANTALON RIBETES ZARA;AMARILLO MOSTAZA;702;8;RAGSTYLE;PANTALON;RAGSTYLE                                ;PROMO ESPECIAL JULIO 2022;PANTALON BOTA RECTA                     ;12/03/2025;09/08/2023;2;0;0;27/04/2022;12/03/2025;27/04/2022;27/04/2022
UNICO BARRANQUILLA;PF31310528                                        ;7706718533283;PANTALON RIBETES ZARA;AMARILLO MOSTAZA;702;6;RAGSTYLE;PANTALON;RAGSTYLE                                ;PROMO ESPECIAL JULIO 2022;PANTALON BOTA RECTA                     ;03/04/2024;06/05/2022;1;0;0;27/04/2022;3/04/2024;27/04/2022;27/04/2022
TERMINAL DEL NORTE;PF31310528                                        ;7706718533283;PANTALON RIBETES ZARA;AMARILLO MOSTAZA;702;6;RAGSTYLE;PANTALON;RAGSTYLE                                ;PROMO ESPECIAL JULIO 2022;PANTALON BOTA RECTA                     ;17/08/2023;26/12/2023;1;0;0;19/10/2022;17/08/2023;19/10/2022;19/10/2022
TERMINAL DEL NORTE;PF31310528                                        ;7706718533290;PANTALON RIBETES ZARA;AMARILLO MOSTAZA;702;8;RAGSTYLE;PANTALON;RAGSTYLE                                ;PROMO ESPECIAL JULIO 2022;PANTALON BOTA RECTA                     ;12/11/2023;10/07/2025;1;0;0;27/01/2023;12/11/2023;27/01/2023;27/01/2023
PRODUCTO TERMINADO ECOMMERCE;PF31310528                                        ;7706718533283;PANTALON RIBETES ZARA;AMARILLO MOSTAZA;702;6;RAGSTYLE;PANTALON;RAGSTYLE                                ;PROMO ESPECIAL JULIO 2022;PANTALON BOTA RECTA                     ;01/04/2022;19/12/2022;6;0;0;1/04/2022;1/04/2022;1/04/2022;1/04/2022
PRODUCTO TERMINADO ECOMMERCE;PF31310528                                        ;7706718533290;PANTALON RIBETES ZARA;AMARILLO MOSTAZA;702;8;RAGSTYLE;PANTALON;RAGSTYLE                                ;PROMO ESPECIAL JULIO 2022;PANTALON BOTA RECTA                     ;01/04/2022;29/03/2023;5;0;0;1/04/2022;1/04/2022;1/04/2022;1/04/2022
PRODUCTO TERMINADO ECOMMERCE;PF31310528                                        ;7706718533276;PANTALON RIBETES ZARA;AMARILLO MOSTAZA;702;14;RAGSTYLE;PANTALON;RAGSTYLE                                ;PROMO ESPECIAL JULIO 2022;PANTALON BOTA RECTA                     ;11/01/2023;31/01/2023;2;0;0;1/04/2022;11/01/2023;1/04/2022;1/04/2022
PRODUCTO TERMINADO ECOMMERCE;PF31310528                                        ;7706718533221;PANTALON RIBETES ZARA;ROSADO PALO DE ROSA;685;14;RAGSTYLE;PANTALON;RAGSTYLE                                ;PROMO ESPECIAL JULIO 2022;PANTALON BOTA RECTA                     ;01/04/2022;02/03/2023;3;0;0;1/04/2022;1/04/2022;1/04/2022;1/04/2022
CONSIGNACION CAROLINA MACHADO;PF31310528                                        ;7706718533245;PANTALON RIBETES ZARA;ROSADO PALO DE ROSA;685;8;RAGSTYLE;PANTALON;RAGSTYLE                                ;PROMO ESPECIAL JULIO 2022;PANTALON BOTA RECTA                     ;01/11/2024;24/12/2024;2;0;0;NULL;NULL;NULL;NULL
CONSIGNACION CAROLINA MACHADO;PF11310653                                        ;7706718533443;PANTALON MIELERO;AMARILLO MOSTAZA;702;8;TRENDS;PANTALON;RAGGED                                  ;DICIEMBRE RAGGED C2 2021;PANTALON BOTA ANCHA                     ;12/08/2024;24/12/2024;1;0;0;NULL;NULL;NULL;NULL
PRODUCTO TERMINADO SEGUNDAS Y REMANENTES;PF11310653                                        ;7706718533443;PANTALON MIELERO;AMARILLO MOSTAZA;702;8;TRENDS;PANTALON;RAGGED                                  ;DICIEMBRE RAGGED C2 2021;PANTALON BOTA ANCHA                     ;15/04/2025;23/10/2024;1;0;0;NULL;NULL;NULL;NULL
CONSIGNACION CAROLINA MACHADO;PF11310653                                        ;7706718533436;PANTALON MIELERO;AMARILLO MOSTAZA;702;6;TRENDS;PANTALON;RAGGED                                  ;DICIEMBRE RAGGED C2 2021;PANTALON BOTA ANCHA                     ;21/05/2024;20/05/2022;1;0;0;NULL;NULL;NULL;NULL
RIONEGRO;PF11310653                                        ;7706718533436;PANTALON MIELERO;AMARILLO MOSTAZA;702;6;TRENDS;PANTALON;RAGGED                                  ;DICIEMBRE RAGGED C2 2021;PANTALON BOTA ANCHA                     ;09/03/2023;27/06/2024;1;0;0;11/12/2021;9/03/2023;11/12/2021;11/12/2021
GUAYABAL 2;PF11310653                                        ;7706718533313;PANTALON MIELERO;CALIDAD TIPO B;0;12;TRENDS;PANTALON;RAGGED                                  ;DICIEMBRE RAGGED C2 2021;PANTALON BOTA ANCHA                     ;07/02/2022;19/01/2023;1;0;0;7/02/2022;7/02/2022;7/02/2022;7/02/2022
CONSIGNACION CAROLINA MACHADO;PF13120544                                        ;7706718534105;BLUSA JOUMEY;BLANCO CRUDO;101;M                   ;RAGGED;CAMISETA;RAGGED                                  ;OCTUBRE RAGGED PROMO 2023;CAMISETA MANGA CORTA                    ;15/07/2025;22/07/2025;1;0;0;NULL;NULL;NULL;NULL
INSUMOS;IE230014                                          ;N/A;ETIQUETA CUIDADOS FMT;GENERICO;GEN                 ;GEN                 ;N/A;N/A;N/A;NA;N/A;30/07/2025;28/07/2025;11377;0;2816;NULL;NULL;NULL;NULL
PRODUCTO TERMINADO SEGUNDAS Y REMANENTES;PF51350259                                        ;7706718534778;JEANS ATLANTIDA;BLANCO CRUDO;101;14;FORMETOO;JEANS;FORMETOO                                ;NOVIEMBRE RAGGED C2 2021;JEANS BOTA ANCHA                        ;30/12/2024;11/12/2021;2;0;0;NULL;NULL;NULL;NULL
PRODUCTO TERMINADO SEGUNDAS Y REMANENTES;PF51350259                                        ;7706718534785;JEANS ATLANTIDA;BLANCO CRUDO;101;6;FORMETOO;JEANS;FORMETOO                                ;NOVIEMBRE RAGGED C2 2021;JEANS BOTA ANCHA                        ;02/07/2024;29/01/2024;1;0;0;NULL;NULL;NULL;NULL
CONSIGNACION CAROLINA MACHADO;PF31120988                                        ;7706718535546;TOP MARBELLA;VERDE PORCELANA;311;S                   ;RAGSTYLE;CAMISETA;RAGSTYLE                                ;PROMOCION RAGSTYLE OCTUBRE;CAMISETA MANGA CORTA                    ;01/11/2024;NULL;1;0;0;NULL;NULL;NULL;NULL
CONSIGNACION CAROLINA MACHADO;PF31120988                                        ;7706718535539;TOP MARBELLA;VERDE PORCELANA;311;M                   ;RAGSTYLE;CAMISETA;RAGSTYLE                                ;PROMOCION RAGSTYLE OCTUBRE;CAMISETA MANGA CORTA                    ;05/11/2024;NULL;1;0;0;NULL;NULL;NULL;NULL
TELAS;PT28F0040384                                      ;N/A;CREPE LADY VITRAL TEXTIL;NEGRO;1;GEN                 ;NA;NA;NA;NA;FONDO ENTERO                            ;14/07/2025;27/11/2023;159;0;0;NULL;NULL;NULL;NULL
TELAS;PT28F0040384                                      ;N/A;CREPE LADY VITRAL TEXTIL;BEIGE CLARO;270;GEN                 ;NA;NA;NA;NA;FONDO ENTERO                            ;14/07/2025;30/07/2025;165.3;0;0;NULL;NULL;NULL;NULL
CONSIGNACION CAROLINA MACHADO;PF13120543                                        ;7706718535904;BODY ROMINA;BLANCO CRUDO;101;S                   ;RAGGED;BODY;RAGGED                                  ;DICIEMBRE RAGGED C2 2021;BODY                                    ;15/11/2024;31/12/2024;1;0;0;NULL;NULL;NULL;NULL
CONSIGNACION CAROLINA MACHADO;PF13120543                                        ;7706718535898;BODY ROMINA;BLANCO CRUDO;101;M                   ;RAGGED;BODY;RAGGED                                  ;DICIEMBRE RAGGED C2 2021;BODY                                    ;12/08/2024;02/08/2024;1;0;0;NULL;NULL;NULL;NULL
NUESTRO URABA;PF18120052                                        ;7706718536482;CAMISETA IRIS;BEIGE CLARO;270;S                   ;RAGGED;CAMISETA;RAGSTYLE                                ;EVENTOS PF17-PF18;CAMISETA MANGA CORTA                    ;16/12/2021;13/03/2025;1;0;0;16/12/2021;16/12/2021;16/12/2021;16/12/2021
NUESTRO URABA;PF18120052                                        ;7706718536468;CAMISETA IRIS;BEIGE CLARO;270;L                   ;RAGGED;CAMISETA;RAGSTYLE                                ;EVENTOS PF17-PF18;CAMISETA MANGA CORTA                    ;16/12/2021;NULL;1;0;0;16/12/2021;16/12/2021;16/12/2021;16/12/2021
PRODUCTO TERMINADO ECOMMERCE;PF18120052                                        ;7706718586791;CAMISETA IRIS;GRIS PASTEL;50;XS                  ;RAGGED;CAMISETA;RAGSTYLE                                ;EVENTOS PF17-PF18;CAMISETA MANGA CORTA                    ;07/01/2022;11/03/2022;1;0;0;16/12/2021;7/01/2022;16/12/2021;16/12/2021
NUESTRO URABA;PF18120052                                        ;7706718586753;CAMISETA IRIS;GRIS PASTEL;50;L                   ;RAGGED;CAMISETA;RAGSTYLE                                ;EVENTOS PF17-PF18;CAMISETA MANGA CORTA                    ;16/12/2021;NULL;1;0;0;16/12/2021;16/12/2021;16/12/2021;16/12/2021
CONSIGNACION CAROLINA MACHADO;PF12110564                                        ;7706718573319;BLUSA NAYARIT;CAFE CARAMELO;202;S                   ;GLAM WORDS;CAMISA;RAGGED                                  ;FALTANTES ECOMMERCE ENERO 2022;CAMISA MANGA CORTA                      ;20/08/2024;NULL;1;0;0;NULL;NULL;NULL;NULL
CONSIGNACION CAROLINA MACHADO;PF11511051                                        ;7706718567431;VESTIDO THAILAND;NEGRO;1;S                   ;TRENDS;VESTIDO;RAGGED                                  ;ECOMMERCE PROMO SEPTIEMBRE 2022;VESTIDO LARGO DE TIRAS                  ;19/07/2023;06/10/2022;1;0;0;NULL;NULL;NULL;NULL
PRODUCTO TERMINADO SEGUNDAS Y REMANENTES;PF51510108                                        ;7706718567325;VESTIDO IMPERIO;AZUL CLARO;450;M                   ;FOR ME TOO JEANS WEAR                   ;VESTIDO;FORMETOO                                ;ECOMMERCE PROMO SEPTIEMBRE 2022;VESTIDO CORTO MANGA SISA                ;11/01/2024;16/01/2024;1;0;0;NULL;NULL;NULL;NULL
CONSIGNACION CAROLINA MACHADO;PF12110563                                        ;7706718551782;BLUSA VILLAGE;BLANCO CRUDO;101;XS                  ;RAGGED;CAMISA;RAGGED                                  ;NOVIEMBRE RAGGED C1 2021;CAMISA MANGA 3/4                        ;09/08/2024;30/09/2022;1;0;0;NULL;NULL;NULL;NULL
PUENTE ARANDA;PF51350257                                        ;7706718575443;JEANS SKINNY FUNKY;AZUL OSCURO;401;6;FOR ME TOO JEANS WEAR                   ;JEANS;FORMETOO                                ;DICIEMBRE RAGGED C3 2021;JEANS BOTA TUBO                         ;20/02/2024;02/04/2025;1;0;0;14/12/2021;20/02/2024;14/12/2021;14/12/2021
PUENTE ARANDA;PF51350257                                        ;7706718575412;JEANS SKINNY FUNKY;AZUL OSCURO;401;10;FOR ME TOO JEANS WEAR                   ;JEANS;FORMETOO                                ;DICIEMBRE RAGGED C3 2021;JEANS BOTA TUBO                         ;20/02/2024;20/06/2022;1;0;0;14/12/2021;20/02/2024;14/12/2021;14/12/2021
UNICO BARRANQUILLA;PF51350257                                        ;7706718575412;JEANS SKINNY FUNKY;AZUL OSCURO;401;10;FOR ME TOO JEANS WEAR                   ;JEANS;FORMETOO                                ;DICIEMBRE RAGGED C3 2021;JEANS BOTA TUBO                         ;09/04/2024;23/12/2023;1;0;0;14/12/2021;9/04/2024;14/12/2021;14/12/2021
GUAYABAL 2;PF31330181                                        ;7706718537953;CAPRI GALICIA;AMARILLO MOSTAZA;702;6;RAGSTYLE;CAPRI;RAGSTYLE                                ;OCTUBRE RAGSTYLE 2021;CAPRI                                   ;12/01/2024;27/01/2024;3;0;0;12/01/2024;12/01/2024;12/01/2024;12/01/2024
NUESTRO MONTERIA;PF31330181                                        ;7706718537939;CAPRI GALICIA;AMARILLO MOSTAZA;702;10;RAGSTYLE;CAPRI;RAGSTYLE                                ;OCTUBRE RAGSTYLE 2021;CAPRI                                   ;23/05/2024;24/01/2024;1;0;0;6/01/2022;23/05/2024;6/01/2022;6/01/2022
GUAYABAL 2;PF31330181                                        ;7706718537878;CAPRI GALICIA;ROJO VINO;630;6;RAGSTYLE;CAPRI;RAGSTYLE                                ;OCTUBRE RAGSTYLE 2021;CAPRI                                   ;11/01/2025;09/05/2025;2;0;0;12/01/2024;11/01/2025;12/01/2024;12/01/2024
TERMINAL DEL NORTE;PF31330181                                        ;7706718537878;CAPRI GALICIA;ROJO VINO;630;6;RAGSTYLE;CAPRI;RAGSTYLE                                ;OCTUBRE RAGSTYLE 2021;CAPRI                                   ;22/09/2024;05/02/2025;3;0;0;20/10/2022;22/09/2024;20/10/2022;20/10/2022
TERMINAL DEL NORTE;PF31330181                                        ;7706718537885;CAPRI GALICIA;ROJO VINO;630;8;RAGSTYLE;CAPRI;RAGSTYLE                                ;OCTUBRE RAGSTYLE 2021;CAPRI                                   ;26/04/2023;29/12/2023;2;0;0;24/05/2022;26/04/2023;24/05/2022;24/05/2022
TERMINAL DEL NORTE;PF31330181                                        ;7706718537953;CAPRI GALICIA;AMARILLO MOSTAZA;702;6;RAGSTYLE;CAPRI;RAGSTYLE                                ;OCTUBRE RAGSTYLE 2021;CAPRI                                   ;22/09/2024;23/07/2025;2;0;0;19/10/2022;22/09/2024;19/10/2022;19/10/2022
TERMINAL DEL NORTE;PF31330181                                        ;7706718537915;CAPRI GALICIA;ROSADO PALO DE ROSA;685;6;RAGSTYLE;CAPRI;RAGSTYLE                                ;OCTUBRE RAGSTYLE 2021;CAPRI                                   ;15/11/2024;01/07/2025;2;0;0;19/10/2022;15/11/2024;19/10/2022;19/10/2022
MAYORCA;PF31330181                                        ;7706718537953;CAPRI GALICIA;AMARILLO MOSTAZA;702;6;RAGSTYLE;CAPRI;RAGSTYLE                                ;OCTUBRE RAGSTYLE 2021;CAPRI                                   ;19/07/2023;19/12/2023;2;0;0;5/01/2022;19/07/2023;5/01/2022;5/01/2022
MAYORCA;PF31330181                                        ;7706718537878;CAPRI GALICIA;ROJO VINO;630;6;RAGSTYLE;CAPRI;RAGSTYLE                                ;OCTUBRE RAGSTYLE 2021;CAPRI                                   ;05/09/2024;16/07/2024;5;0;0;5/01/2022;5/09/2024;5/01/2022;5/01/2022
MAYORCA;PF31330181                                        ;7706718537885;CAPRI GALICIA;ROJO VINO;630;8;RAGSTYLE;CAPRI;RAGSTYLE                                ;OCTUBRE RAGSTYLE 2021;CAPRI                                   ;19/07/2023;04/11/2023;3;0;0;5/01/2022;19/07/2023;5/01/2022;5/01/2022
MAYORCA;PF31330181                                        ;7706718537854;CAPRI GALICIA;ROJO VINO;630;10;RAGSTYLE;CAPRI;RAGSTYLE                                ;OCTUBRE RAGSTYLE 2021;CAPRI                                   ;27/12/2023;12/06/2025;1;0;0;5/01/2022;27/12/2023;5/01/2022;5/01/2022
UNICO BARRANQUILLA;PF31330181                                        ;7706718537878;CAPRI GALICIA;ROJO VINO;630;6;RAGSTYLE;CAPRI;RAGSTYLE                                ;OCTUBRE RAGSTYLE 2021;CAPRI                                   ;03/09/2024;09/04/2024;2;0;0;6/01/2022;3/09/2024;6/01/2022;6/01/2022
UNICO BARRANQUILLA;PF31330181                                        ;7706718537885;CAPRI GALICIA;ROJO VINO;630;8;RAGSTYLE;CAPRI;RAGSTYLE                                ;OCTUBRE RAGSTYLE 2021;CAPRI                                   ;09/04/2024;15/03/2025;1;0;0;6/01/2022;9/04/2024;6/01/2022;6/01/2022
JARDIN PLAZA;PF51510110                                        ;7706718541431;VESTIDO FLORENCIA;AZUL MEDIO;420;XS                  ;FORMETOO;VESTIDO;FORMETOO                                ;FMT DICIEMBRE 1 2023;VESTIDO LARGO DE TIRAS                  ;12/11/2024;16/02/2025;1;0;0;12/11/2024;12/11/2024;12/11/2024;12/11/2024
FOR ME TOO;PF51510110                                        ;7706718541431;VESTIDO FLORENCIA;AZUL MEDIO;420;XS                  ;FORMETOO;VESTIDO;FORMETOO                                ;FMT DICIEMBRE 1 2023;VESTIDO LARGO DE TIRAS                  ;16/07/2025;08/06/2025;9;0;0;9/11/2023;16/07/2025;9/11/2023;9/11/2023
JARDIN PLAZA;PF51510110                                        ;7706718541417;VESTIDO FLORENCIA;AZUL MEDIO;420;S                   ;FORMETOO;VESTIDO;FORMETOO                                ;FMT DICIEMBRE 1 2023;VESTIDO LARGO DE TIRAS                  ;01/04/2025;16/02/2025;3;0;0;12/11/2024;1/04/2025;12/11/2024;12/11/2024
FOR ME TOO;PF51510110                                        ;7706718541417;VESTIDO FLORENCIA;AZUL MEDIO;420;S                   ;FORMETOO;VESTIDO;FORMETOO                                ;FMT DICIEMBRE 1 2023;VESTIDO LARGO DE TIRAS                  ;16/07/2025;08/06/2025;20;0;0;9/11/2023;16/07/2025;9/11/2023;9/11/2023
FOR ME TOO;PF51510110                                        ;7706718541400;VESTIDO FLORENCIA;AZUL MEDIO;420;M                   ;FORMETOO;VESTIDO;FORMETOO                                ;FMT DICIEMBRE 1 2023;VESTIDO LARGO DE TIRAS                  ;18/07/2025;18/07/2025;8;0;0;9/11/2023;18/07/2025;9/11/2023;9/11/2023
FOR ME TOO;PF51510110                                        ;7706718541394;VESTIDO FLORENCIA;AZUL MEDIO;420;L                   ;FORMETOO;VESTIDO;FORMETOO                                ;FMT DICIEMBRE 1 2023;VESTIDO LARGO DE TIRAS                  ;02/05/2025;01/11/2024;1;0;0;9/11/2023;2/05/2025;9/11/2023;9/11/2023
FOR ME TOO;PF51510110                                        ;7706718541424;VESTIDO FLORENCIA;AZUL MEDIO;420;XL                  ;FORMETOO;VESTIDO;FORMETOO                                ;FMT DICIEMBRE 1 2023;VESTIDO LARGO DE TIRAS                  ;16/07/2025;22/07/2025;2;0;0;9/11/2023;16/07/2025;9/11/2023;9/11/2023
PLANETA PLAZA;PF51510110                                        ;7706718541424;VESTIDO FLORENCIA;AZUL MEDIO;420;XL                  ;FORMETOO;VESTIDO;FORMETOO                                ;FMT DICIEMBRE 1 2023;VESTIDO LARGO DE TIRAS                  ;08/06/2025;11/07/2025;1;0;0;8/06/2025;8/06/2025;8/06/2025;8/06/2025
PRODUCTO TERMINADO ECOMMERCE;PF51510110                                        ;7706718541431;VESTIDO FLORENCIA;AZUL MEDIO;420;XS                  ;FORMETOO;VESTIDO;FORMETOO                                ;FMT DICIEMBRE 1 2023;VESTIDO LARGO DE TIRAS                  ;09/11/2023;29/07/2024;3;0;0;9/11/2023;9/11/2023;9/11/2023;9/11/2023
PRODUCTO TERMINADO ECOMMERCE;PF51510110                                        ;7706718541417;VESTIDO FLORENCIA;AZUL MEDIO;420;S                   ;FORMETOO;VESTIDO;FORMETOO                                ;FMT DICIEMBRE 1 2023;VESTIDO LARGO DE TIRAS                  ;19/06/2025;28/07/2025;5;0;0;9/11/2023;19/06/2025;9/11/2023;9/11/2023
FOR ME TOO MAYORCA;PF51510110                                        ;7706718541417;VESTIDO FLORENCIA;AZUL MEDIO;420;S                   ;FORMETOO;VESTIDO;FORMETOO                                ;FMT DICIEMBRE 1 2023;VESTIDO LARGO DE TIRAS                  ;11/03/2025;16/06/2025;3;0;0;11/03/2025;11/03/2025;11/03/2025;11/03/2025
PRODUCTO TERMINADO ECOMMERCE;PF51510110                                        ;7706718541400;VESTIDO FLORENCIA;AZUL MEDIO;420;M                   ;FORMETOO;VESTIDO;FORMETOO                                ;FMT DICIEMBRE 1 2023;VESTIDO LARGO DE TIRAS                  ;17/09/2024;05/03/2025;1;0;0;9/11/2023;17/09/2024;9/11/2023;9/11/2023
FOR ME TOO MAYORCA;PF51510110                                        ;7706718541400;VESTIDO FLORENCIA;AZUL MEDIO;420;M                   ;FORMETOO;VESTIDO;FORMETOO                                ;FMT DICIEMBRE 1 2023;VESTIDO LARGO DE TIRAS                  ;11/03/2025;09/05/2025;3;0;0;11/03/2025;11/03/2025;11/03/2025;11/03/2025
PRODUCTO TERMINADO ECOMMERCE;PF51510110                                        ;7706718541394;VESTIDO FLORENCIA;AZUL MEDIO;420;L                   ;FORMETOO;VESTIDO;FORMETOO                                ;FMT DICIEMBRE 1 2023;VESTIDO LARGO DE TIRAS                  ;09/11/2023;22/04/2025;1;0;0;9/11/2023;9/11/2023;9/11/2023;9/11/2023
NUESTRO ATLANTICO;PF51510110                                        ;7706718541431;VESTIDO FLORENCIA;AZUL MEDIO;420;XS                  ;FORMETOO;VESTIDO;FORMETOO                                ;FMT DICIEMBRE 1 2023;VESTIDO LARGO DE TIRAS                  ;24/04/2025;10/05/2025;1;0;0;21/02/2025;24/04/2025;21/02/2025;21/02/2025
RIONEGRO;PF51510110                                        ;7706718541431;VESTIDO FLORENCIA;AZUL MEDIO;420;XS                  ;FORMETOO;VESTIDO;FORMETOO                                ;FMT DICIEMBRE 1 2023;VESTIDO LARGO DE TIRAS                  ;12/11/2024;21/06/2025;2;0;0;12/11/2024;12/11/2024;12/11/2024;12/11/2024
RIONEGRO;PF51110945                                        ;7706718541332;BLUSA MALIBU TENCEL;AZUL MEDIO;420;XS                  ;FORMETOO;CAMISA;FORMETOO                                ;FMT DICIEMBRE 1 2023;CAMISA MANGA 3/4                        ;11/09/2024;20/06/2025;5;0;0;20/02/2024;11/09/2024;20/02/2024;20/02/2024
UNICO BARRANQUILLA;PF51110945                                        ;7706718541332;BLUSA MALIBU TENCEL;AZUL MEDIO;420;XS                  ;FORMETOO;CAMISA;FORMETOO                                ;FMT DICIEMBRE 1 2023;CAMISA MANGA 3/4                        ;03/07/2024;28/06/2025;3;0;0;20/02/2024;3/07/2024;20/02/2024;20/02/2024
RIONEGRO;PF51110945                                        ;7706718541318;BLUSA MALIBU TENCEL;AZUL MEDIO;420;S                   ;FORMETOO;CAMISA;FORMETOO                                ;FMT DICIEMBRE 1 2023;CAMISA MANGA 3/4                        ;26/07/2025;20/06/2025;10;0;0;20/02/2024;26/07/2025;20/02/2024;20/02/2024
RIONEGRO;PF51110945                                        ;7706718541301;BLUSA MALIBU TENCEL;AZUL MEDIO;420;M                   ;FORMETOO;CAMISA;FORMETOO                                ;FMT DICIEMBRE 1 2023;CAMISA MANGA 3/4                        ;11/09/2024;20/06/2025;2;0;0;20/02/2024;11/09/2024;20/02/2024;20/02/2024
FOR ME TOO;PF51110945                                        ;7706718541332;BLUSA MALIBU TENCEL;AZUL MEDIO;420;XS                  ;FORMETOO;CAMISA;FORMETOO                                ;FMT DICIEMBRE 1 2023;CAMISA MANGA 3/4                        ;25/07/2025;24/06/2025;16;0;0;9/11/2023;25/07/2025;9/11/2023;9/11/2023
PLANETA PLAZA;PF51110945                                        ;7706718541332;BLUSA MALIBU TENCEL;AZUL MEDIO;420;XS                  ;FORMETOO;CAMISA;FORMETOO                                ;FMT DICIEMBRE 1 2023;CAMISA MANGA 3/4                        ;08/06/2025;NULL;1;0;0;8/06/2025;8/06/2025;8/06/2025;8/06/2025
FOR ME TOO;PF51110945                                        ;7706718541318;BLUSA MALIBU TENCEL;AZUL MEDIO;420;S                   ;FORMETOO;CAMISA;FORMETOO                                ;FMT DICIEMBRE 1 2023;CAMISA MANGA 3/4                        ;25/07/2025;18/07/2025;20;0;0;9/11/2023;25/07/2025;9/11/2023;9/11/2023
PLANETA PLAZA;PF51110945                                        ;7706718541318;BLUSA MALIBU TENCEL;AZUL MEDIO;420;S                   ;FORMETOO;CAMISA;FORMETOO                                ;FMT DICIEMBRE 1 2023;CAMISA MANGA 3/4                        ;08/06/2025;NULL;2;0;0;8/06/2025;8/06/2025;8/06/2025;8/06/2025
FOR ME TOO;PF51110945                                        ;7706718541301;BLUSA MALIBU TENCEL;AZUL MEDIO;420;M                   ;FORMETOO;CAMISA;FORMETOO                                ;FMT DICIEMBRE 1 2023;CAMISA MANGA 3/4                        ;25/07/2025;24/06/2025;17;0;0;9/11/2023;25/07/2025;9/11/2023;9/11/2023
PLANETA PLAZA;PF51110945                                        ;7706718541301;BLUSA MALIBU TENCEL;AZUL MEDIO;420;M                   ;FORMETOO;CAMISA;FORMETOO                                ;FMT DICIEMBRE 1 2023;CAMISA MANGA 3/4                        ;08/06/2025;NULL;2;0;0;8/06/2025;8/06/2025;8/06/2025;8/06/2025
BELLO 2;PF51110945                                        ;7706718541332;BLUSA MALIBU TENCEL;AZUL MEDIO;420;XS                  ;FORMETOO;CAMISA;FORMETOO                                ;FMT DICIEMBRE 1 2023;CAMISA MANGA 3/4                        ;28/10/2024;27/07/2025;2;0;0;20/02/2024;28/10/2024;20/02/2024;20/02/2024
PUENTE ARANDA;PF51110945                                        ;7706718541332;BLUSA MALIBU TENCEL;AZUL MEDIO;420;XS                  ;FORMETOO;CAMISA;FORMETOO                                ;FMT DICIEMBRE 1 2023;CAMISA MANGA 3/4                        ;22/04/2024;19/07/2025;2;0;0;20/02/2024;22/04/2024;20/02/2024;20/02/2024
LA 65;PF51110945                                        ;7706718541332;BLUSA MALIBU TENCEL;AZUL MEDIO;420;XS                  ;FORMETOO;CAMISA;FORMETOO                                ;FMT DICIEMBRE 1 2023;CAMISA MANGA 3/4                        ;10/11/2024;11/09/2024;4;0;0;22/07/2024;10/11/2024;22/07/2024;22/07/2024
FOR ME TOO NUESTRO ATLANTICO;PF51110945                                        ;7706718541332;BLUSA MALIBU TENCEL;AZUL MEDIO;420;XS                  ;FORMETOO;CAMISA;FORMETOO                                ;FMT DICIEMBRE 1 2023;CAMISA MANGA 3/4                        ;24/06/2025;29/04/2025;1;0;0;12/12/2024;24/06/2025;12/12/2024;12/12/2024
BELLO 2;PF51110945                                        ;7706718541318;BLUSA MALIBU TENCEL;AZUL MEDIO;420;S                   ;FORMETOO;CAMISA;FORMETOO                                ;FMT DICIEMBRE 1 2023;CAMISA MANGA 3/4                        ;28/10/2024;19/12/2024;1;0;0;20/02/2024;28/10/2024;20/02/2024;20/02/2024
PUENTE ARANDA;PF51110945                                        ;7706718541318;BLUSA MALIBU TENCEL;AZUL MEDIO;420;S                   ;FORMETOO;CAMISA;FORMETOO                                ;FMT DICIEMBRE 1 2023;CAMISA MANGA 3/4                        ;20/02/2024;02/06/2024;5;0;0;20/02/2024;20/02/2024;20/02/2024;20/02/2024
VIVA CAUCASIA;PF51110945                                        ;7706718541332;BLUSA MALIBU TENCEL;AZUL MEDIO;420;XS                  ;FORMETOO;CAMISA;FORMETOO                                ;FMT DICIEMBRE 1 2023;CAMISA MANGA 3/4                        ;20/02/2024;25/07/2025;1;0;0;20/02/2024;20/02/2024;20/02/2024;20/02/2024
PEREIRA PLAZA;PF51110945                                        ;7706718541318;BLUSA MALIBU TENCEL;AZUL MEDIO;420;S                   ;FORMETOO;CAMISA;FORMETOO                                ;FMT DICIEMBRE 1 2023;CAMISA MANGA 3/4                        ;17/04/2024;28/06/2025;3;0;0;20/02/2024;17/04/2024;20/02/2024;20/02/2024
VIVA CAUCASIA;PF51110945                                        ;7706718541325;BLUSA MALIBU TENCEL;AZUL MEDIO;420;XL                  ;FORMETOO;CAMISA;FORMETOO                                ;FMT DICIEMBRE 1 2023;CAMISA MANGA 3/4                        ;20/02/2024;25/07/2025;1;0;0;20/02/2024;20/02/2024;20/02/2024;20/02/2024
TERMINAL DEL NORTE;PF51110945                                        ;7706718541332;BLUSA MALIBU TENCEL;AZUL MEDIO;420;XS                  ;FORMETOO;CAMISA;FORMETOO                                ;FMT DICIEMBRE 1 2023;CAMISA MANGA 3/4                        ;22/07/2025;NULL;2;0;0;22/07/2025;22/07/2025;22/07/2025;22/07/2025
NUESTRO URABA;PF51110945                                        ;7706718541332;BLUSA MALIBU TENCEL;AZUL MEDIO;420;XS                  ;FORMETOO;CAMISA;FORMETOO                                ;FMT DICIEMBRE 1 2023;CAMISA MANGA 3/4                        ;20/02/2024;04/05/2024;2;0;0;20/02/2024;20/02/2024;20/02/2024;20/02/2024
NUESTRO URABA;PF51110945                                        ;7706718541318;BLUSA MALIBU TENCEL;AZUL MEDIO;420;S                   ;FORMETOO;CAMISA;FORMETOO                                ;FMT DICIEMBRE 1 2023;CAMISA MANGA 3/4                        ;20/02/2024;14/12/2024;5;0;0;20/02/2024;20/02/2024;20/02/2024;20/02/2024
NUESTRO URABA;PF51110945                                        ;7706718541301;BLUSA MALIBU TENCEL;AZUL MEDIO;420;M                   ;FORMETOO;CAMISA;FORMETOO                                ;FMT DICIEMBRE 1 2023;CAMISA MANGA 3/4                        ;20/02/2024;12/04/2025;3;0;0;20/02/2024;20/02/2024;20/02/2024;20/02/2024
NUESTRO URABA;PF51110945                                        ;7706718541295;BLUSA MALIBU TENCEL;AZUL MEDIO;420;L                   ;FORMETOO;CAMISA;FORMETOO                                ;FMT DICIEMBRE 1 2023;CAMISA MANGA 3/4                        ;20/02/2024;12/12/2024;2;0;0;20/02/2024;20/02/2024;20/02/2024;20/02/2024
LA 35;PF51110945                                        ;7706718541332;BLUSA MALIBU TENCEL;AZUL MEDIO;420;XS                  ;FORMETOO;CAMISA;FORMETOO                                ;FMT DICIEMBRE 1 2023;CAMISA MANGA 3/4                        ;20/02/2024;NULL;3;0;0;20/02/2024;20/02/2024;20/02/2024;20/02/2024
PRODUCTO TERMINADO ECOMMERCE;PF51110945                                        ;7706718541332;BLUSA MALIBU TENCEL;AZUL MEDIO;420;XS                  ;FORMETOO;CAMISA;FORMETOO                                ;FMT DICIEMBRE 1 2023;CAMISA MANGA 3/4                        ;09/11/2023;29/07/2024;4;0;0;9/11/2023;9/11/2023;9/11/2023;9/11/2023
LA 35;PF51110945                                        ;7706718541318;BLUSA MALIBU TENCEL;AZUL MEDIO;420;S                   ;FORMETOO;CAMISA;FORMETOO                                ;FMT DICIEMBRE 1 2023;CAMISA MANGA 3/4                        ;20/02/2024;17/12/2024;5;0;0;20/02/2024;20/02/2024;20/02/2024;20/02/2024
PRODUCTO TERMINADO ECOMMERCE;PF51110945                                        ;7706718541318;BLUSA MALIBU TENCEL;AZUL MEDIO;420;S                   ;FORMETOO;CAMISA;FORMETOO                                ;FMT DICIEMBRE 1 2023;CAMISA MANGA 3/4                        ;09/07/2024;NULL;11;0;0;9/11/2023;9/07/2024;9/11/2023;9/11/2023
LA 35;PF51110945                                        ;7706718541301;BLUSA MALIBU TENCEL;AZUL MEDIO;420;M                   ;FORMETOO;CAMISA;FORMETOO                                ;FMT DICIEMBRE 1 2023;CAMISA MANGA 3/4                        ;20/02/2024;28/06/2025;3;0;0;20/02/2024;20/02/2024;20/02/2024;20/02/2024
PRODUCTO TERMINADO ECOMMERCE;PF51110945                                        ;7706718541301;BLUSA MALIBU TENCEL;AZUL MEDIO;420;M                   ;FORMETOO;CAMISA;FORMETOO                                ;FMT DICIEMBRE 1 2023;CAMISA MANGA 3/4                        ;09/11/2023;26/05/2025;8;0;0;9/11/2023;9/11/2023;9/11/2023;9/11/2023
PRODUCTO TERMINADO ECOMMERCE;PF51110945                                        ;7706718541295;BLUSA MALIBU TENCEL;AZUL MEDIO;420;L                   ;FORMETOO;CAMISA;FORMETOO                                ;FMT DICIEMBRE 1 2023;CAMISA MANGA 3/4                        ;09/11/2023;13/11/2024;2;0;0;9/11/2023;9/11/2023;9/11/2023;9/11/2023
FOR ME TOO NUESTRO ATLANTICO;PF51110945                                        ;7706718541318;BLUSA MALIBU TENCEL;AZUL MEDIO;420;S                   ;FORMETOO;CAMISA;FORMETOO                                ;FMT DICIEMBRE 1 2023;CAMISA MANGA 3/4                        ;24/06/2025;29/04/2025;2;0;0;12/12/2024;24/06/2025;12/12/2024;12/12/2024
LA 65;PF51110945                                        ;7706718541301;BLUSA MALIBU TENCEL;AZUL MEDIO;420;M                   ;FORMETOO;CAMISA;FORMETOO                                ;FMT DICIEMBRE 1 2023;CAMISA MANGA 3/4                        ;12/04/2025;19/10/2024;1;0;0;7/04/2024;12/04/2025;7/04/2024;7/04/2024
FOR ME TOO NUESTRO ATLANTICO;PF51110945                                        ;7706718541301;BLUSA MALIBU TENCEL;AZUL MEDIO;420;M                   ;FORMETOO;CAMISA;FORMETOO                                ;FMT DICIEMBRE 1 2023;CAMISA MANGA 3/4                        ;24/06/2025;29/04/2025;2;0;0;12/12/2024;24/06/2025;12/12/2024;12/12/2024
FOR ME TOO NUESTRO ATLANTICO;PF51110945                                        ;7706718541295;BLUSA MALIBU TENCEL;AZUL MEDIO;420;L                   ;FORMETOO;CAMISA;FORMETOO                                ;FMT DICIEMBRE 1 2023;CAMISA MANGA 3/4                        ;24/06/2025;29/04/2025;1;0;0;12/12/2024;24/06/2025;12/12/2024;12/12/2024
LA 65;PF51110945                                        ;7706718541325;BLUSA MALIBU TENCEL;AZUL MEDIO;420;XL                  ;FORMETOO;CAMISA;FORMETOO                                ;FMT DICIEMBRE 1 2023;CAMISA MANGA 3/4                        ;02/05/2025;29/04/2025;1;0;0;12/04/2025;2/05/2025;12/04/2025;12/04/2025
FOR ME TOO NUESTRO ATLANTICO;PF51110945                                        ;7706718541325;BLUSA MALIBU TENCEL;AZUL MEDIO;420;XL                  ;FORMETOO;CAMISA;FORMETOO                                ;FMT DICIEMBRE 1 2023;CAMISA MANGA 3/4                        ;24/06/2025;29/04/2025;1;0;0;12/12/2024;24/06/2025;12/12/2024;12/12/2024
LA 65;PF51110945                                        ;7706718541318;BLUSA MALIBU TENCEL;AZUL MEDIO;420;S                   ;FORMETOO;CAMISA;FORMETOO                                ;FMT DICIEMBRE 1 2023;CAMISA MANGA 3/4                        ;10/11/2024;11/09/2024;10;0;0;22/07/2024;10/11/2024;22/07/2024;22/07/2024
FOR ME TOO;PF51110945                                        ;7706718541295;BLUSA MALIBU TENCEL;AZUL MEDIO;420;L                   ;FORMETOO;CAMISA;FORMETOO                                ;FMT DICIEMBRE 1 2023;CAMISA MANGA 3/4                        ;14/07/2025;24/06/2025;3;0;0;9/11/2023;14/07/2025;9/11/2023;9/11/2023
PLANETA PLAZA;PF51110945                                        ;7706718541295;BLUSA MALIBU TENCEL;AZUL MEDIO;420;L                   ;FORMETOO;CAMISA;FORMETOO                                ;FMT DICIEMBRE 1 2023;CAMISA MANGA 3/4                        ;16/07/2025;16/07/2025;1;0;0;8/06/2025;16/07/2025;8/06/2025;8/06/2025
FOR ME TOO;PF51110945                                        ;7706718541325;BLUSA MALIBU TENCEL;AZUL MEDIO;420;XL                  ;FORMETOO;CAMISA;FORMETOO                                ;FMT DICIEMBRE 1 2023;CAMISA MANGA 3/4                        ;25/07/2025;24/06/2025;4;0;0;9/11/2023;25/07/2025;9/11/2023;9/11/2023
PLANETA PLAZA;PF51110945                                        ;7706718541325;BLUSA MALIBU TENCEL;AZUL MEDIO;420;XL                  ;FORMETOO;CAMISA;FORMETOO                                ;FMT DICIEMBRE 1 2023;CAMISA MANGA 3/4                        ;08/06/2025;NULL;1;0;0;8/06/2025;8/06/2025;8/06/2025;8/06/2025
PRODUCTO TERMINADO SEGUNDAS Y REMANENTES;PF11310657                                        ;7706718541059;PANTALON LINO MALI;AZUL MEDIO;420;8;RAGGED;PANTALON;RAGGED                                  ;ENERO RAGGED C3 2022;PANTALON BOTA ANCHA                     ;24/08/2022;06/09/2022;1;0;0;NULL;NULL;NULL;NULL
CONSIGNACION CAROLINA MACHADO;PF11112297                                        ;7706718538806;BLUSA CAPUCCINO;BEIGE CLARO;270;XS                  ;RAGGED;CAMISA;RAGGED                                  ;ENERO RAGGED C2 2022;CAMISA MANGA CORTA                      ;21/05/2024;NULL;1;0;0;NULL;NULL;NULL;NULL
PEREIRA PLAZA;PF12130103                                        ;7706718539384;SOBRE TODO SANTORINI;BLANCO CRUDO;101;L                   ;GLAM WORDS;CHAQUETA;RAGGED                                  ;ENERO RAGGED C1 2022;CHAQUETA MANGA CORTA                    ;13/09/2024;10/02/2022;1;0;0;12/01/2022;13/09/2024;12/01/2022;12/01/2022
PRODUCTO TERMINADO SEGUNDAS Y REMANENTES;PF12130103                                        ;7706718539407;SOBRE TODO SANTORINI;BLANCO CRUDO;101;S                   ;GLAM WORDS;CHAQUETA;RAGGED                                  ;ENERO RAGGED C1 2022;CHAQUETA MANGA CORTA                    ;29/02/2024;22/01/2025;1;0;0;NULL;NULL;NULL;NULL
PRODUCTO TERMINADO SEGUNDAS Y REMANENTES;PF12130103                                        ;7706718539391;SOBRE TODO SANTORINI;BLANCO CRUDO;101;M                   ;GLAM WORDS;CHAQUETA;RAGGED                                  ;ENERO RAGGED C1 2022;CHAQUETA MANGA CORTA                    ;19/04/2022;27/04/2022;1;0;0;NULL;NULL;NULL;NULL
CONSIGNACION CAROLINA MACHADO;PF51320050                                        ;7706718539872;FALDA MARRUECOS;AZUL CLARO;450;6;FOR ME TOO JEANS WEAR                   ;FALDA;FORMETOO                                ;PROMOCION ENERO ECOMMERCE;FALDA LARGA                             ;14/07/2025;28/12/2023;1;0;0;NULL;NULL;NULL;NULL
GUAYABAL 2;PF51320050                                        ;7706718539834;FALDA MARRUECOS;CALIDAD TIPO B;0;6;FOR ME TOO JEANS WEAR                   ;FALDA;FORMETOO                                ;PROMOCION ENERO ECOMMERCE;FALDA LARGA                             ;06/12/2022;08/05/2025;6;0;0;4/11/2022;6/12/2022;4/11/2022;4/11/2022
CONSIGNACION CAROLINA MACHADO;PF31112528                                        ;7706718540502;CAMISA BAYAMON;BLANCO CRUDO;101;XS                  ;RAGSTYLE;CAMISA;RAGSTYLE                                ;OCTUBRE RAGSTYLE 2021;CAMISA MANGA SISA                       ;01/11/2024;NULL;1;0;0;NULL;NULL;NULL;NULL
PRODUCTO TERMINADO SEGUNDAS Y REMANENTES;PF31112529                                        ;7706718578703;CAMISA ALANA;BLANCO;100;S                   ;RAGSTYLE;CAMISA;RAGSTYLE                                ;OCTUBRE RAGSTYLE 2021;CAMISA MANGA CORTA                      ;31/07/2025;21/05/2024;1;0;0;NULL;NULL;NULL;NULL
PRODUCTO TERMINADO RAGTYLE;PF31112530                                        ;7706718540830;CAMISA BEIRUT;ROJO PURO;600;L                   ;RAGSTYLE;CAMISA;RAGSTYLE                                ;REMATON 27 DE JULIO 2023;CAMISA MANGA CORTA                      ;16/07/2025;07/12/2022;1;0;0;NULL;NULL;NULL;NULL
TERMINAL DEL NORTE;PF31310534                                        ;7706718541608;PANTALON DERBY;CALIDAD TIPO B;0;8;RAGSTYLE;PANTALON;RAGSTYLE                                ;REFERENCIAS SIN FOTO MAYO 2024;PANTALON BOTA RECTA                     ;10/02/2025;01/03/2025;1;0;0;8/02/2022;10/02/2025;8/02/2022;8/02/2022
CONSIGNACION CAROLINA MACHADO;PF31310534                                        ;7706718565567;PANTALON DERBY;AMARILLO MOSTAZA;702;6;RAGSTYLE;PANTALON;RAGSTYLE                                ;REFERENCIAS SIN FOTO MAYO 2024;PANTALON BOTA RECTA                     ;15/04/2025;NULL;1;0;0;NULL;NULL;NULL;NULL
PRODUCTO TERMINADO SEGUNDAS Y REMANENTES;PF13120545                                        ;7706718541875;BODY AMAZONAS;BLANCO CRUDO;101;M                   ;RAGGED;BODY;RAGGED                                  ;PROMO AB 2022;BODY                                    ;06/09/2024;12/09/2024;1;0;0;NULL;NULL;NULL;NULL
NUESTRO URABA;PF31120989                                        ;7706718542032;CROP TOP ASIMETRICO RECOGIDOS;NEGRO;1;S                   ;RAGSTYLE;CAMISETA;RAGSTYLE                                ;REFERENCIAS SIN FOTO MAYO 2024;CROPED                                  ;18/05/2023;NULL;1;0;0;18/05/2023;18/05/2023;18/05/2023;18/05/2023
PRODUCTO TERMINADO SEGUNDAS Y REMANENTES;PF31510933                                        ;7706718544258;VESTIDO MARGARITAS;AMARILLO MOSTAZA;702;L                   ;RAGSTYLE;VESTIDO;RAGSTYLE                                ;PROMOCION RAGSTYLE OCTUBRE;VESTIDO LARGO DE TIRAS                  ;23/02/2022;07/01/2022;1;0;0;NULL;NULL;NULL;NULL
CONSIGNACION CAROLINA MACHADO;PF31112534                                        ;7706718543176;CAMISA JAKARTA;BLANCO CRUDO;101;S                   ;RAGSTYLE;CAMISA;RAGSTYLE                                ;PROMOCION RAGSTYLE OCTUBRE;CAMISA MANGA 3/4                        ;01/11/2024;NULL;1;0;0;NULL;NULL;NULL;NULL
PRODUCTO TERMINADO SEGUNDAS Y REMANENTES;PF31112534                                        ;7706718543176;CAMISA JAKARTA;BLANCO CRUDO;101;S                   ;RAGSTYLE;CAMISA;RAGSTYLE                                ;PROMOCION RAGSTYLE OCTUBRE;CAMISA MANGA 3/4                        ;11/01/2024;22/01/2025;1;0;0;NULL;NULL;NULL;NULL
CONSIGNACION CAROLINA MACHADO;PF31112534                                        ;7706718543213;CAMISA JAKARTA;ROJO VINO;630;S                   ;RAGSTYLE;CAMISA;RAGSTYLE                                ;PROMOCION RAGSTYLE OCTUBRE;CAMISA MANGA 3/4                        ;07/02/2025;NULL;1;0;0;NULL;NULL;NULL;NULL
CONSIGNACION CAROLINA MACHADO;PF31112533                                        ;7706718543305;BLUSA ALAND;BLANCO CRUDO;101;XS                  ;RAGSTYLE;CAMISA;RAGSTYLE                                ;OCTUBRE RAGSTYLE 2021;CAMISA MANGA SISA                       ;20/08/2024;NULL;1;0;0;NULL;NULL;NULL;NULL
CONSIGNACION CAROLINA MACHADO;PF31112533                                        ;7706718543299;BLUSA ALAND;BLANCO CRUDO;101;S                   ;RAGSTYLE;CAMISA;RAGSTYLE                                ;OCTUBRE RAGSTYLE 2021;CAMISA MANGA SISA                       ;01/11/2024;15/11/2024;5;0;0;NULL;NULL;NULL;NULL
CONSIGNACION CAROLINA MACHADO;PF31112533                                        ;7706718543336;BLUSA ALAND;BORGOÑA;531;S                   ;RAGSTYLE;CAMISA;RAGSTYLE                                ;OCTUBRE RAGSTYLE 2021;CAMISA MANGA SISA                       ;01/11/2024;NULL;1;0;0;NULL;NULL;NULL;NULL
TERMINAL DEL NORTE;PF11511055                                        ;7706718543473;VESTIDO AMATISTA;ROJO VINO;630;S                   ;RAGGED;VESTIDO;RAGGED                                  ;PROMOCION SEPTIEMBRE 2022;VESTIDO CORTO MANGA CORTA               ;16/12/2023;26/04/2025;3;0;0;19/10/2022;16/12/2023;19/10/2022;19/10/2022
GUAYABAL 2;PF11511055                                        ;7706718543374;VESTIDO AMATISTA;CALIDAD TIPO B;0;S                   ;RAGGED;VESTIDO;RAGGED                                  ;PROMOCION SEPTIEMBRE 2022;VESTIDO CORTO MANGA CORTA               ;08/04/2022;16/04/2023;3;0;0;8/04/2022;8/04/2022;8/04/2022;8/04/2022
TERMINAL DEL NORTE;PF11511055                                        ;7706718543497;VESTIDO AMATISTA;ROJO VINO;630;XS                  ;RAGGED;VESTIDO;RAGGED                                  ;PROMOCION SEPTIEMBRE 2022;VESTIDO CORTO MANGA CORTA               ;11/10/2023;08/07/2025;2;0;0;19/10/2022;11/10/2023;19/10/2022;19/10/2022
VENDEDOR YENNY SANTAMARIA;PF31120991                                        ;7706718544623;CROP TOP ANALIA;NEGRO;1;S                   ;RAGSTYLE;CAMISETA;RAGSTYLE                                ;PROMOCION RAGSTYLE MAYO 2023;CROPED                                  ;26/01/2024;02/11/2023;1;0;0;NULL;NULL;NULL;NULL
PRODUCTO TERMINADO SEGUNDAS Y REMANENTES;PF31120991                                        ;7706718544661;CROP TOP ANALIA;BLANCO CRUDO;101;S                   ;RAGSTYLE;CAMISETA;RAGSTYLE                                ;PROMOCION RAGSTYLE MAYO 2023;CROPED                                  ;31/07/2025;22/01/2025;1;0;0;NULL;NULL;NULL;NULL
PRODUCTO TERMINADO SEGUNDAS Y REMANENTES;PF31320220                                        ;7706718545989;FALDA NASHIK;BLANCO;100;6;RAGSTYLE;FALDA;RAGSTYLE                                ;PROMO ESPECIAL JULIO 2022;FALDA CORTA                             ;02/07/2024;28/01/2022;1;0;0;NULL;NULL;NULL;NULL
PRODUCTO TERMINADO SEGUNDAS Y REMANENTES;PF11310656                                        ;7706718546122;PANTALON VENICE;BEIGE OSCURO;251;6;TRENDS;PANTALON;RAGGED                                  ;OCTUBRE RAGGED PROMO 2023;PANTALON BOTA RECTA                     ;14/11/2024;11/02/2025;1;0;0;NULL;NULL;NULL;NULL
PRODUCTO TERMINADO SEGUNDAS Y REMANENTES;PF11310656                                        ;7706718546108;PANTALON VENICE;BEIGE OSCURO;251;12;TRENDS;PANTALON;RAGGED                                  ;OCTUBRE RAGGED PROMO 2023;PANTALON BOTA RECTA                     ;21/02/2024;07/02/2025;1;0;0;NULL;NULL;NULL;NULL
CONSIGNACION CAROLINA MACHADO;PF11112299                                        ;7706718548430;BLUSA TULUM;BLANCO CRUDO;101;XS                  ;RAGGED;CAMISA;RAGGED                                  ;OCTUBRE RAGGED C5 2021;CAMISETA MANGA CORTA                    ;13/08/2024;NULL;1;0;0;NULL;NULL;NULL;NULL
PRODUCTO TERMINADO ECOMMERCE;PF31112531                                        ;7706718546924;BLUSA SANTILLANA;ROJO CARNAUBA;615;L                   ;RAGSTYLE;CAMISA;RAGSTYLE                                ;PROMO ESPECIAL JULIO 2022;CAMISA MANGA CORTA                      ;07/04/2022;11/03/2023;11;0;0;7/04/2022;7/04/2022;7/04/2022;7/04/2022
GUAYABAL 2;PF31112531                                        ;7706718546863;BLUSA SANTILLANA;CALIDAD TIPO B;0;S                   ;RAGSTYLE;CAMISA;RAGSTYLE                                ;PROMO ESPECIAL JULIO 2022;CAMISA MANGA CORTA                      ;06/03/2025;NULL;1;0;0;6/03/2025;6/03/2025;6/03/2025;6/03/2025
CONSIGNACION CAROLINA MACHADO;PF31112531                                        ;7706718546900;BLUSA SANTILLANA;BLANCO;100;S                   ;RAGSTYLE;CAMISA;RAGSTYLE                                ;PROMO ESPECIAL JULIO 2022;CAMISA MANGA CORTA                      ;01/11/2024;NULL;1;0;0;NULL;NULL;NULL;NULL
PRODUCTO TERMINADO SEGUNDAS Y REMANENTES;PF31112531                                        ;7706718546900;BLUSA SANTILLANA;BLANCO;100;S                   ;RAGSTYLE;CAMISA;RAGSTYLE                                ;PROMO ESPECIAL JULIO 2022;CAMISA MANGA CORTA                      ;15/01/2025;22/01/2025;1;0;0;NULL;NULL;NULL;NULL
PRODUCTO TERMINADO ECOMMERCE;PF31112531                                        ;7706718546948;BLUSA SANTILLANA;ROJO CARNAUBA;615;S                   ;RAGSTYLE;CAMISA;RAGSTYLE                                ;PROMO ESPECIAL JULIO 2022;CAMISA MANGA CORTA                      ;07/04/2022;26/02/2023;11;0;0;7/04/2022;7/04/2022;7/04/2022;7/04/2022
PRODUCTO TERMINADO ECOMMERCE;PF31112531                                        ;7706718546931;BLUSA SANTILLANA;ROJO CARNAUBA;615;M                   ;RAGSTYLE;CAMISA;RAGSTYLE                                ;PROMO ESPECIAL JULIO 2022;CAMISA MANGA CORTA                      ;23/09/2022;12/01/2023;7;0;0;7/04/2022;23/09/2022;7/04/2022;7/04/2022
PRODUCTO TERMINADO SEGUNDAS Y REMANENTES;PF31112532                                        ;7706718547167;TOP PHUKET;LILA;502;L                   ;RAGSTYLE;CAMISA;RAGSTYLE                                ;PROMOCION RAGSTYLE OCTUBRE;CAMISA MANGA CORTA                      ;31/07/2025;12/02/2024;1;0;0;NULL;NULL;NULL;NULL
PRODUCTO TERMINADO SEGUNDAS Y REMANENTES;PF31112532                                        ;7706718547150;TOP PHUKET;BLANCO;100;XS                  ;RAGSTYLE;CAMISA;RAGSTYLE                                ;PROMOCION RAGSTYLE OCTUBRE;CAMISA MANGA CORTA                      ;31/07/2025;12/02/2024;1;0;0;NULL;NULL;NULL;NULL
PRODUCTO TERMINADO SEGUNDAS Y REMANENTES;PF31112532                                        ;7706718547136;TOP PHUKET;BLANCO;100;M                   ;RAGSTYLE;CAMISA;RAGSTYLE                                ;PROMOCION RAGSTYLE OCTUBRE;CAMISA MANGA CORTA                      ;31/07/2025;12/08/2024;2;0;0;NULL;NULL;NULL;NULL
CONSIGNACION CAROLINA MACHADO;PF51120606                                        ;7706718547655;CAMISETA GOOD LOVERS;AZUL OSCURO;401;M                   ;FORMETOO;CAMISETA;FORMETOO                                ;DICIEMBRE RAGGED C1 2021;CAMISETA MANGA CORTA                    ;11/06/2025;20/01/2025;1;0;0;NULL;NULL;NULL;NULL
PRODUCTO TERMINADO SEGUNDAS Y REMANENTES;PF31120992                                        ;7706718549369;BODY COZUMEL;BLANCO CRUDO;101;XS                  ;RAGSTYLE;BODY;RAGSTYLE                                ;PROMOCION RAGSTYLE OCTUBRE;BODY                                    ;08/02/2022;08/02/2022;1;0;0;NULL;NULL;NULL;NULL
CONSIGNACION CAROLINA MACHADO;PF31120992                                        ;7706718549444;BODY COZUMEL;ROSADO OSCURO;651;XS                  ;RAGSTYLE;BODY;RAGSTYLE                                ;PROMOCION RAGSTYLE OCTUBRE;BODY                                    ;05/11/2024;NULL;1;0;0;NULL;NULL;NULL;NULL
CONSIGNACION CAROLINA MACHADO;PF31120992                                        ;7706718549437;BODY COZUMEL;ROSADO OSCURO;651;S                   ;RAGSTYLE;BODY;RAGSTYLE                                ;PROMOCION RAGSTYLE OCTUBRE;BODY                                    ;05/11/2024;30/10/2023;2;0;0;NULL;NULL;NULL;NULL
PRODUCTO TERMINADO SEGUNDAS Y REMANENTES;PF31120992                                        ;7706718549420;BODY COZUMEL;ROSADO OSCURO;651;M                   ;RAGSTYLE;BODY;RAGSTYLE                                ;PROMOCION RAGSTYLE OCTUBRE;BODY                                    ;28/05/2024;28/05/2024;1;0;0;NULL;NULL;NULL;NULL
CONSIGNACION CAROLINA MACHADO;PF31120993                                        ;7706718549192;BLUSA THIARA;BLANCO CRUDO;101;S                   ;RAGSTYLE;CAMISETA;RAGSTYLE                                ;OCTUBRE RAGSTYLE 2021;CAMISETA MANGA CORTA                    ;20/08/2024;28/12/2023;1;0;0;NULL;NULL;NULL;NULL
VENDEDOR YENNY SANTAMARIA;PF31120993                                        ;7706718882428;BLUSA THIARA;VERDE MILITAR;305;S                   ;RAGSTYLE;CAMISETA;RAGSTYLE                                ;OCTUBRE RAGSTYLE 2021;CAMISETA MANGA CORTA                    ;26/01/2024;27/12/2022;1;0;0;NULL;NULL;NULL;NULL
CONSIGNACION CAROLINA MACHADO;PF31120994                                        ;7706718549000;BLUSA CRETA;BLANCO CRUDO;101;XS                  ;RAGSTYLE;CAMISETA;RAGSTYLE                                ;PROMOCION RAGSTYLE JUNIO 2023;CAMISETA MANGA SISA                     ;12/08/2024;12/08/2022;1;0;0;NULL;NULL;NULL;NULL
PRODUCTO TERMINADO SEGUNDAS Y REMANENTES;PF31120994                                        ;7706718548997;BLUSA CRETA;BLANCO CRUDO;101;S                   ;RAGSTYLE;CAMISETA;RAGSTYLE                                ;PROMOCION RAGSTYLE JUNIO 2023;CAMISETA MANGA SISA                     ;08/11/2024;22/01/2025;1;0;0;NULL;NULL;NULL;NULL
VENDEDOR YENNY SANTAMARIA;PF31120994                                        ;7706718549031;BLUSA CRETA;AZUL MEDIO;420;S                   ;RAGSTYLE;CAMISETA;RAGSTYLE                                ;PROMOCION RAGSTYLE JUNIO 2023;CAMISETA MANGA SISA                     ;26/01/2024;02/11/2023;1;0;0;NULL;NULL;NULL;NULL
CONSIGNACION CAROLINA MACHADO;PF31510936                                        ;7706718548867;VESTIDO BRITOS;AMARILLO MOSTAZA;702;L                   ;RAGSTYLE;VESTIDO;RAGSTYLE                                ;OCTUBRE RAGSTYLE 2021;VESTIDO CORTO DE TIRAS                  ;01/11/2024;NULL;1;0;0;NULL;NULL;NULL;NULL
CONSIGNACION CAROLINA MACHADO;PF31510936                                        ;7706718548881;VESTIDO BRITOS;AMARILLO MOSTAZA;702;S                   ;RAGSTYLE;VESTIDO;RAGSTYLE                                ;OCTUBRE RAGSTYLE 2021;VESTIDO CORTO DE TIRAS                  ;12/02/2024;NULL;1;0;0;NULL;NULL;NULL;NULL
CONSIGNACION CAROLINA MACHADO;PF31510936                                        ;7706718548874;VESTIDO BRITOS;AMARILLO MOSTAZA;702;M                   ;RAGSTYLE;VESTIDO;RAGSTYLE                                ;OCTUBRE RAGSTYLE 2021;VESTIDO CORTO DE TIRAS                  ;01/11/2024;05/03/2025;2;0;0;NULL;NULL;NULL;NULL
CONSIGNACION CAROLINA MACHADO;PF31130021                                        ;7706718583653;CARDIGAN STINIVA;BLANCO;100;L                   ;RAGSTYLE;CHAQUETA;RAGSTYLE                                ;PROMO ESPECIAL JULIO 2022;CARDIGAN  MANGA LARGA                   ;12/02/2024;06/10/2022;1;0;0;NULL;NULL;NULL;NULL
CONSIGNACION CAROLINA MACHADO;PF31130021                                        ;7706718583660;CARDIGAN STINIVA;BLANCO;100;M                   ;RAGSTYLE;CHAQUETA;RAGSTYLE                                ;PROMO ESPECIAL JULIO 2022;CARDIGAN  MANGA LARGA                   ;01/11/2024;31/12/2024;1;0;0;NULL;NULL;NULL;NULL
CONSIGNACION CAROLINA MACHADO;PF31130021                                        ;7706718583677;CARDIGAN STINIVA;BLANCO;100;S                   ;RAGSTYLE;CHAQUETA;RAGSTYLE                                ;PROMO ESPECIAL JULIO 2022;CARDIGAN  MANGA LARGA                   ;01/11/2024;NULL;2;0;0;NULL;NULL;NULL;NULL
PRODUCTO TERMINADO SEGUNDAS Y REMANENTES;PF31130021                                        ;7706718583677;CARDIGAN STINIVA;BLANCO;100;S                   ;RAGSTYLE;CHAQUETA;RAGSTYLE                                ;PROMO ESPECIAL JULIO 2022;CARDIGAN  MANGA LARGA                   ;06/11/2024;13/11/2024;1;0;0;NULL;NULL;NULL;NULL
PRODUCTO TERMINADO ECOMMERCE;PF31320221                                        ;7706718550235;FALDA GARDEN;AZUL OSCURO;401;10;RAGSTYLE;FALDA;RAGSTYLE                                ;REFERENCIAS SIN FOTO OCTUBRE 2024;FALDA LARGA                             ;07/04/2022;01/06/2025;4;0;0;7/04/2022;7/04/2022;7/04/2022;7/04/2022
PRODUCTO TERMINADO ECOMMERCE;PF31320221                                        ;7706718550228;FALDA GARDEN;COBRE;220;8;RAGSTYLE;FALDA;RAGSTYLE                                ;REFERENCIAS SIN FOTO OCTUBRE 2024;FALDA LARGA                             ;07/04/2022;03/06/2025;1;0;0;7/04/2022;7/04/2022;7/04/2022;7/04/2022
PRODUCTO TERMINADO ECOMMERCE;PF31120995                                        ;7706718550372;CAMISETA FEELING;ROSADO BRILLANTE;670;S                   ;RAGSTYLE;CAMISETA;RAGSTYLE                                ;PROMOCION RAGSTYLE OCTUBRE;CAMISETA MANGA CORTA                    ;07/04/2022;06/04/2023;2;0;0;7/04/2022;7/04/2022;7/04/2022;7/04/2022
PRODUCTO TERMINADO ECOMMERCE;PF31120995                                        ;7706718550365;CAMISETA FEELING;ROSADO BRILLANTE;670;M                   ;RAGSTYLE;CAMISETA;RAGSTYLE                                ;PROMOCION RAGSTYLE OCTUBRE;CAMISETA MANGA CORTA                    ;07/04/2022;10/03/2023;6;0;0;7/04/2022;7/04/2022;7/04/2022;7/04/2022
PRODUCTO TERMINADO ECOMMERCE;PF31120995                                        ;7706718550358;CAMISETA FEELING;ROSADO BRILLANTE;670;L                   ;RAGSTYLE;CAMISETA;RAGSTYLE                                ;PROMOCION RAGSTYLE OCTUBRE;CAMISETA MANGA CORTA                    ;07/04/2022;24/03/2023;8;0;0;7/04/2022;7/04/2022;7/04/2022;7/04/2022
CONSIGNACION CAROLINA MACHADO;PF12510262                                        ;7706718550877;VESTIDO BAHAMAS;BLANCO CRUDO;101;S                   ;RAGGED;VESTIDO;RAGGED                                  ;REMATON 27 DE JULIO 2023;VESTIDO CORTO DE TIRAS                  ;04/12/2023;10/02/2023;1;0;0;NULL;NULL;NULL;NULL
PRODUCTO TERMINADO SEGUNDAS Y REMANENTES;PF12510262                                        ;7706718550877;VESTIDO BAHAMAS;BLANCO CRUDO;101;S                   ;RAGGED;VESTIDO;RAGGED                                  ;REMATON 27 DE JULIO 2023;VESTIDO CORTO DE TIRAS                  ;17/05/2024;22/05/2024;1;0;0;NULL;NULL;NULL;NULL
CONSIGNACION CAROLINA MACHADO;PF12510262                                        ;7706718550860;VESTIDO BAHAMAS;BLANCO CRUDO;101;M                   ;RAGGED;VESTIDO;RAGGED                                  ;REMATON 27 DE JULIO 2023;VESTIDO CORTO DE TIRAS                  ;19/10/2022;04/05/2023;1;0;0;NULL;NULL;NULL;NULL
RIONEGRO;PF12510262                                        ;7706718550846;VESTIDO BAHAMAS;NEGRO;1;XS                  ;RAGGED;VESTIDO;RAGGED                                  ;REMATON 27 DE JULIO 2023;VESTIDO CORTO DE TIRAS                  ;10/09/2024;26/05/2025;1;0;0;25/11/2021;10/09/2024;25/11/2021;25/11/2021
TERMINAL DEL NORTE;PF12510262                                        ;7706718550815;VESTIDO BAHAMAS;NEGRO;1;M                   ;RAGGED;VESTIDO;RAGGED                                  ;REMATON 27 DE JULIO 2023;VESTIDO CORTO DE TIRAS                  ;09/05/2025;09/06/2025;1;0;0;19/05/2022;9/05/2025;19/05/2022;19/05/2022
GUAYABAL 2;PF12510262                                        ;7706718550846;VESTIDO BAHAMAS;NEGRO;1;XS                  ;RAGGED;VESTIDO;RAGGED                                  ;REMATON 27 DE JULIO 2023;VESTIDO CORTO DE TIRAS                  ;03/02/2023;13/07/2025;2;0;0;28/09/2022;3/02/2023;28/09/2022;28/09/2022
GUAYABAL 2;PF12510262                                        ;7706718550822;VESTIDO BAHAMAS;NEGRO;1;S                   ;RAGGED;VESTIDO;RAGGED                                  ;REMATON 27 DE JULIO 2023;VESTIDO CORTO DE TIRAS                  ;29/09/2022;07/07/2025;3;0;0;28/09/2022;29/09/2022;28/09/2022;28/09/2022
PUENTE ARANDA;PF12510262                                        ;7706718550815;VESTIDO BAHAMAS;NEGRO;1;M                   ;RAGGED;VESTIDO;RAGGED                                  ;REMATON 27 DE JULIO 2023;VESTIDO CORTO DE TIRAS                  ;17/05/2023;09/05/2025;1;0;0;25/11/2021;17/05/2023;25/11/2021;25/11/2021
TERMINAL DEL NORTE;PF12510262                                        ;7706718550846;VESTIDO BAHAMAS;NEGRO;1;XS                  ;RAGGED;VESTIDO;RAGGED                                  ;REMATON 27 DE JULIO 2023;VESTIDO CORTO DE TIRAS                  ;09/05/2025;17/06/2025;10;0;0;19/05/2022;9/05/2025;19/05/2022;19/05/2022
TERMINAL DEL NORTE;PF12510262                                        ;7706718550822;VESTIDO BAHAMAS;NEGRO;1;S                   ;RAGGED;VESTIDO;RAGGED                                  ;REMATON 27 DE JULIO 2023;VESTIDO CORTO DE TIRAS                  ;09/05/2025;12/06/2025;20;0;0;19/05/2022;9/05/2025;19/05/2022;19/05/2022
PRODUCTO TERMINADO ECOMMERCE;PF12510262                                        ;7706718550846;VESTIDO BAHAMAS;NEGRO;1;XS                  ;RAGGED;VESTIDO;RAGGED                                  ;REMATON 27 DE JULIO 2023;VESTIDO CORTO DE TIRAS                  ;08/08/2024;31/03/2025;1;0;0;3/11/2021;8/08/2024;3/11/2021;3/11/2021
PRODUCTO TERMINADO ECOMMERCE;PF12510262                                        ;7706718550822;VESTIDO BAHAMAS;NEGRO;1;S                   ;RAGGED;VESTIDO;RAGGED                                  ;REMATON 27 DE JULIO 2023;VESTIDO CORTO DE TIRAS                  ;16/09/2024;31/03/2025;1;0;0;3/11/2021;16/09/2024;3/11/2021;3/11/2021
PRODUCTO TERMINADO SEGUNDAS Y REMANENTES;PF31340177                                        ;7706718550464;SHORT ZARA TWILL;ROJO VINO;630;8;RAGSTYLE;SHORT;RAGSTYLE                                ;OCTUBRE RAGSTYLE 2021;SHORT                                   ;08/11/2024;13/11/2024;1;0;0;NULL;NULL;NULL;NULL
PUENTE ARANDA;PF31340177                                        ;7706718550532;SHORT ZARA TWILL;AMARILLO MOSTAZA;702;6;RAGSTYLE;SHORT;RAGSTYLE                                ;OCTUBRE RAGSTYLE 2021;SHORT                                   ;06/06/2022;NULL;1;0;0;6/06/2022;6/06/2022;6/06/2022;6/06/2022
MAYORCA;PF31340177                                        ;7706718550464;SHORT ZARA TWILL;ROJO VINO;630;8;RAGSTYLE;SHORT;RAGSTYLE                                ;OCTUBRE RAGSTYLE 2021;SHORT                                   ;19/07/2023;28/01/2024;3;0;0;5/01/2022;19/07/2023;5/01/2022;5/01/2022
GUAYABAL 2;PF31340177                                        ;7706718550457;SHORT ZARA TWILL;ROJO VINO;630;6;RAGSTYLE;SHORT;RAGSTYLE                                ;OCTUBRE RAGSTYLE 2021;SHORT                                   ;12/01/2024;29/01/2025;1;0;0;12/01/2024;12/01/2024;12/01/2024;12/01/2024
PRODUCTO TERMINADO SEGUNDAS Y REMANENTES;PF51510111                                        ;7706718550624;VESTIDO DOMINIKA;AZUL MEDIO;420;S                   ;FORMETOO;VESTIDO;FORMETOO                                ;PROMOCION ENERO ECOMMERCE;VESTIDO CORTO DE TIRAS                  ;27/12/2022;05/11/2024;1;0;0;NULL;NULL;NULL;NULL
PRODUCTO TERMINADO SEGUNDAS Y REMANENTES;PF51510111                                        ;7706718550617;VESTIDO DOMINIKA;AZUL MEDIO;420;M                   ;FORMETOO;VESTIDO;FORMETOO                                ;PROMOCION ENERO ECOMMERCE;VESTIDO CORTO DE TIRAS                  ;27/12/2022;21/05/2024;1;0;0;NULL;NULL;NULL;NULL
VIVA BARRANQUILLA;PF14130003                                        ;7706718551089;BLAZER LINEA;NEGRO;1;M                   ;PRIME;CHAQUETA;RAGGED                                  ;PRIME RAGGED                            ;CHAQUETA M/LARGA                        ;14/02/2023;11/06/2023;1;0;0;20/01/2022;14/02/2023;20/01/2022;20/01/2022
MAYORCA 3;PF14130003                                        ;7706718551089;BLAZER LINEA;NEGRO;1;M                   ;PRIME;CHAQUETA;RAGGED                                  ;PRIME RAGGED                            ;CHAQUETA M/LARGA                        ;01/04/2025;18/11/2023;1;0;0;20/01/2022;1/04/2025;20/01/2022;20/01/2022
MAYORCA 3;PF14130003                                        ;7706718551102;BLAZER LINEA;NEGRO;1;XL                  ;PRIME;CHAQUETA;RAGGED                                  ;PRIME RAGGED                            ;CHAQUETA M/LARGA                        ;01/04/2025;14/03/2023;1;0;0;20/01/2022;1/04/2025;20/01/2022;20/01/2022
LA 35;PF14130003                                        ;7706718551096;BLAZER LINEA;NEGRO;1;S                   ;PRIME;CHAQUETA;RAGGED                                  ;PRIME RAGGED                            ;CHAQUETA M/LARGA                        ;13/02/2024;20/03/2025;1;0;0;10/02/2023;13/02/2024;10/02/2023;10/02/2023
GUAYABAL 1;PF14130003                                        ;7706718551096;BLAZER LINEA;NEGRO;1;S                   ;PRIME;CHAQUETA;RAGGED                                  ;PRIME RAGGED                            ;CHAQUETA M/LARGA                        ;22/07/2025;05/07/2025;1;0;0;20/01/2022;22/07/2025;20/01/2022;20/01/2022
PRODUCTO TERMINADO RAGGED;PF14130003                                        ;7706718551096;BLAZER LINEA;NEGRO;1;S                   ;PRIME;CHAQUETA;RAGGED                                  ;PRIME RAGGED                            ;CHAQUETA M/LARGA                        ;23/01/2025;21/01/2025;6;0;0;18/01/2022;23/01/2025;18/01/2022;18/01/2022
PRODUCTO TERMINADO ECOMMERCE;PF14130003                                        ;7706718551096;BLAZER LINEA;NEGRO;1;S                   ;PRIME;CHAQUETA;RAGGED                                  ;PRIME RAGGED                            ;CHAQUETA M/LARGA                        ;08/12/2024;21/07/2025;4;0;0;18/01/2022;8/12/2024;18/01/2022;18/01/2022
PRODUCTO TERMINADO RAGGED;PF14130003                                        ;7706718551089;BLAZER LINEA;NEGRO;1;M                   ;PRIME;CHAQUETA;RAGGED                                  ;PRIME RAGGED                            ;CHAQUETA M/LARGA                        ;23/01/2025;21/01/2025;1;0;0;18/01/2022;23/01/2025;18/01/2022;18/01/2022
NUESTRO MONTERIA;PF14130003                                        ;7706718551096;BLAZER LINEA;NEGRO;1;S                   ;PRIME;CHAQUETA;RAGGED                                  ;PRIME RAGGED                            ;CHAQUETA M/LARGA                        ;14/11/2023;30/01/2024;1;0;0;20/01/2022;14/11/2023;20/01/2022;20/01/2022
PUENTE ARANDA;PF14130003                                        ;7706718551072;BLAZER LINEA;NEGRO;1;L                   ;PRIME;CHAQUETA;RAGGED                                  ;PRIME RAGGED                            ;CHAQUETA M/LARGA                        ;26/02/2025;19/02/2025;1;0;0;20/01/2022;26/02/2025;20/01/2022;20/01/2022
PEREIRA PLAZA;PF14130003                                        ;7706718551096;BLAZER LINEA;NEGRO;1;S                   ;PRIME;CHAQUETA;RAGGED                                  ;PRIME RAGGED                            ;CHAQUETA M/LARGA                        ;31/07/2025;22/07/2025;1;0;0;20/01/2022;31/07/2025;20/01/2022;20/01/2022
PRODUCTO TERMINADO SEGUNDAS Y REMANENTES;PF14130003                                        ;7706718551089;BLAZER LINEA;NEGRO;1;M                   ;PRIME;CHAQUETA;RAGGED                                  ;PRIME RAGGED                            ;CHAQUETA M/LARGA                        ;04/04/2024;07/01/2022;1;0;0;NULL;NULL;NULL;NULL
PRODUCTO TERMINADO RAGGED;PF14130003                                        ;7706718551072;BLAZER LINEA;NEGRO;1;L                   ;PRIME;CHAQUETA;RAGGED                                  ;PRIME RAGGED                            ;CHAQUETA M/LARGA                        ;23/01/2025;21/01/2025;12;0;0;18/01/2022;23/01/2025;18/01/2022;18/01/2022
LA 35;PF14130003                                        ;7706718551102;BLAZER LINEA;NEGRO;1;XL                  ;PRIME;CHAQUETA;RAGGED                                  ;PRIME RAGGED                            ;CHAQUETA M/LARGA                        ;13/02/2024;28/04/2023;1;0;0;10/02/2023;13/02/2024;10/02/2023;10/02/2023
GUAYABAL 1;PF14130003                                        ;7706718639718;BLAZER LINEA;AZUL OSCURO;401;M                   ;PRIME;CHAQUETA;RAGGED                                  ;PRIME RAGGED                            ;CHAQUETA M/LARGA                        ;10/02/2023;20/04/2023;1;0;0;10/02/2023;10/02/2023;10/02/2023;10/02/2023
PRODUCTO TERMINADO RAGGED;PF14130003                                        ;7706718639718;BLAZER LINEA;AZUL OSCURO;401;M                   ;PRIME;CHAQUETA;RAGGED                                  ;PRIME RAGGED                            ;CHAQUETA M/LARGA                        ;23/01/2025;21/01/2025;8;0;0;6/02/2023;23/01/2025;6/02/2023;6/02/2023
GUAYABAL 1;PF14130003                                        ;7706718639640;BLAZER LINEA;BLANCO;100;S                   ;PRIME;CHAQUETA;RAGGED                                  ;PRIME RAGGED                            ;CHAQUETA M/LARGA                        ;13/11/2024;23/07/2025;1;0;0;10/02/2023;13/11/2024;10/02/2023;10/02/2023
PRODUCTO TERMINADO RAGGED;PF14130003                                        ;7706718639640;BLAZER LINEA;BLANCO;100;S                   ;PRIME;CHAQUETA;RAGGED                                  ;PRIME RAGGED                            ;CHAQUETA M/LARGA                        ;23/01/2025;21/01/2025;31;0;0;6/02/2023;23/01/2025;6/02/2023;6/02/2023
GUAYABAL 1;PF14130003                                        ;7706718639626;BLAZER LINEA;BLANCO;100;L                   ;PRIME;CHAQUETA;RAGGED                                  ;PRIME RAGGED                            ;CHAQUETA M/LARGA                        ;14/09/2024;10/05/2023;1;0;0;10/02/2023;14/09/2024;10/02/2023;10/02/2023
PRODUCTO TERMINADO SEGUNDAS Y REMANENTES;PF14130003                                        ;7706718639633;BLAZER LINEA;BLANCO;100;M                   ;PRIME;CHAQUETA;RAGGED                                  ;PRIME RAGGED                            ;CHAQUETA M/LARGA                        ;13/05/2025;12/03/2025;1;0;0;NULL;NULL;NULL;NULL
FRANQUICIAS;PF14130003                                        ;7706718639770;BLAZER LINEA;ROJO PURO;600;XL                  ;PRIME;CHAQUETA;RAGGED                                  ;PRIME RAGGED                            ;CHAQUETA M/LARGA                        ;16/07/2025;10/07/2025;1;0;0;10/02/2023;16/07/2025;10/02/2023;10/02/2023
FRANQUICIAS;PF14130003                                        ;7706718639725;BLAZER LINEA;AZUL OSCURO;401;S                   ;PRIME;CHAQUETA;RAGGED                                  ;PRIME RAGGED                            ;CHAQUETA M/LARGA                        ;10/02/2023;19/07/2023;1;0;0;10/02/2023;10/02/2023;10/02/2023;10/02/2023
LOS MOLINOS;PF14130003                                        ;7706718639718;BLAZER LINEA;AZUL OSCURO;401;M                   ;PRIME;CHAQUETA;RAGGED                                  ;PRIME RAGGED                            ;CHAQUETA M/LARGA                        ;03/05/2025;09/03/2023;1;0;0;10/02/2023;3/05/2025;10/02/2023;10/02/2023
PEREIRA PLAZA;PF14130003                                        ;7706718639718;BLAZER LINEA;AZUL OSCURO;401;M                   ;PRIME;CHAQUETA;RAGGED                                  ;PRIME RAGGED                            ;CHAQUETA M/LARGA                        ;10/02/2023;24/06/2023;1;0;0;10/02/2023;10/02/2023;10/02/2023;10/02/2023
PUENTE ARANDA;PF14130003                                        ;7706718639763;BLAZER LINEA;ROJO PURO;600;S                   ;PRIME;CHAQUETA;RAGGED                                  ;PRIME RAGGED                            ;CHAQUETA M/LARGA                        ;20/01/2025;18/03/2023;1;0;0;10/02/2023;20/01/2025;10/02/2023;10/02/2023
MAYORCA 3;PF14130003                                        ;7706718639718;BLAZER LINEA;AZUL OSCURO;401;M                   ;PRIME;CHAQUETA;RAGGED                                  ;PRIME RAGGED                            ;CHAQUETA M/LARGA                        ;07/06/2025;28/03/2023;1;0;0;10/02/2023;7/06/2025;10/02/2023;10/02/2023
PRODUCTO TERMINADO RAGGED;PF14130003                                        ;7706718639749;BLAZER LINEA;ROJO PURO;600;L                   ;PRIME;CHAQUETA;RAGGED                                  ;PRIME RAGGED                            ;CHAQUETA M/LARGA                        ;23/01/2025;21/01/2025;1;0;0;6/02/2023;23/01/2025;6/02/2023;6/02/2023
PRODUCTO TERMINADO ECOMMERCE;PF14130003                                        ;7706718639749;BLAZER LINEA;ROJO PURO;600;L                   ;PRIME;CHAQUETA;RAGGED                                  ;PRIME RAGGED                            ;CHAQUETA M/LARGA                        ;20/01/2025;28/02/2025;1;0;0;8/06/2023;20/01/2025;8/06/2023;8/06/2023
PRODUCTO TERMINADO RAGGED;PF14130003                                        ;7706718639770;BLAZER LINEA;ROJO PURO;600;XL                  ;PRIME;CHAQUETA;RAGGED                                  ;PRIME RAGGED                            ;CHAQUETA M/LARGA                        ;23/01/2025;21/01/2025;2;0;0;6/02/2023;23/01/2025;6/02/2023;6/02/2023
PRODUCTO TERMINADO RAGGED;PF14130003                                        ;7706718639725;BLAZER LINEA;AZUL OSCURO;401;S                   ;PRIME;CHAQUETA;RAGGED                                  ;PRIME RAGGED                            ;CHAQUETA M/LARGA                        ;23/01/2025;21/01/2025;1;0;0;6/02/2023;23/01/2025;6/02/2023;6/02/2023
LA 65;PF14130003                                        ;7706718639763;BLAZER LINEA;ROJO PURO;600;S                   ;PRIME;CHAQUETA;RAGGED                                  ;PRIME RAGGED                            ;CHAQUETA M/LARGA                        ;07/03/2025;20/11/2024;1;0;0;10/01/2024;7/03/2025;10/01/2024;10/01/2024
LA 65;PF14130003                                        ;7706718639718;BLAZER LINEA;AZUL OSCURO;401;M                   ;PRIME;CHAQUETA;RAGGED                                  ;PRIME RAGGED                            ;CHAQUETA M/LARGA                        ;06/08/2024;07/06/2025;1;0;0;18/06/2023;6/08/2024;18/06/2023;18/06/2023
PUENTE ARANDA;PF14130003                                        ;7706718639701;BLAZER LINEA;AZUL OSCURO;401;L                   ;PRIME;CHAQUETA;RAGGED                                  ;PRIME RAGGED                            ;CHAQUETA M/LARGA                        ;14/07/2024;21/04/2023;1;0;0;10/02/2023;14/07/2024;10/02/2023;10/02/2023
PUENTE ARANDA;PF14130003                                        ;7706718639732;BLAZER LINEA;AZUL OSCURO;401;XL                  ;PRIME;CHAQUETA;RAGGED                                  ;PRIME RAGGED                            ;CHAQUETA M/LARGA                        ;14/07/2024;23/03/2023;1;0;0;10/02/2023;14/07/2024;10/02/2023;10/02/2023
PUERTA DEL NORTE;PF14130003                                        ;7706718639633;BLAZER LINEA;BLANCO;100;M                   ;PRIME;CHAQUETA;RAGGED                                  ;PRIME RAGGED                            ;CHAQUETA M/LARGA                        ;01/07/2024;19/05/2024;1;0;0;13/02/2024;1/07/2024;13/02/2024;13/02/2024
SANTA FE;PF14130003                                        ;7706718639725;BLAZER LINEA;AZUL OSCURO;401;S                   ;PRIME;CHAQUETA;RAGGED                                  ;PRIME RAGGED                            ;CHAQUETA M/LARGA                        ;21/05/2023;30/04/2023;1;0;0;10/02/2023;21/05/2023;10/02/2023;10/02/2023
EMPAQUE SIN COSTO;CE0065                                            ;N/A;CAJA MEDIANA RAGGED (CE0005);GENERICO;GEN                 ;GEN                 ;CAJA MEDIANA RAGGED                     ;NA;RAGGED                                  ;NA;NA;21/02/2025;31/07/2025;376;0;0;NULL;NULL;NULL;NULL
EMPAQUE SIN COSTO;CE0066                                            ;N/A;CAJA RE-MINI RAGGED (CE0036);GENERICO;GEN                 ;GEN                 ;NA;NA;NA;NA;NA;26/05/2025;31/07/2025;556;0;0;NULL;NULL;NULL;NULL
EMPAQUE SIN COSTO;CE0067                                            ;N/A;CAJA MINI RAGGED (CE0034);GENERICO;GEN                 ;GEN                 ;NA;NA;NA;NA;NA;26/05/2025;31/07/2025;417;0;0;NULL;NULL;NULL;NULL
EMPAQUE SIN COSTO;CE0068                                            ;N/A;CAJA PEQUENA RAGGED (CE0035);GENERICO;GEN                 ;GEN                 ;NA;NA;NA;NA;NA;31/07/2025;31/07/2025;989;0;0;NULL;NULL;NULL;NULL
EMPAQUE SIN COSTO;CE0069                                            ;N/A;ESTUCHE MEDIAS (CE0013);GENERICO;GEN                 ;GEN                 ;NA;NA;NA;NA;NA;24/10/2023;24/10/2023;3490;0;0;NULL;NULL;NULL;NULL
EMPAQUE SIN COSTO;CE0072                                            ;N/A;PORTA ACCESORIOS GRANDE R_PETITE (CE0022;GENERICO;GEN                 ;GEN                 ;NA;NA;NA;NA;NA;24/10/2023;24/10/2023;19382;0;0;NULL;NULL;NULL;NULL
EMPAQUE SIN COSTO;CE0073                                            ;N/A;PORTA ACCESORIOS PEQUENO R_PETITE (CE002;GENERICO;GEN                 ;GEN                 ;NA;NA;NA;NA;NA;24/10/2023;24/10/2023;38068;0;0;NULL;NULL;NULL;NULL
EMPAQUE SIN COSTO;CE0074                                            ;N/A;PORTA ACCESORIOS SET COLLAR R_PETITE (CE;GENERICO;GEN                 ;GEN                 ;NA;NA;NA;NA;NA;24/10/2023;24/10/2023;9172;0;0;NULL;NULL;NULL;NULL
EMPAQUE SIN COSTO;CE0075                                            ;N/A;ROLLO IMPRESION PDV COPIA AMARILLA (CE00;GENERICO;GEN                 ;GEN                 ;NA;NA;NA;NA;NA;07/02/2025;17/10/2024;279;0;0;NULL;NULL;NULL;NULL
EMPAQUE SIN COSTO;CE0076                                            ;N/A;ROLLO TERMICO IMPRESION LOGO RAGGED (CE0;GENERICO;GEN                 ;GEN                 ;NA;NA;NA;NA;NA;12/07/2025;31/07/2025;282;0;0;NULL;NULL;NULL;NULL
EMPAQUE SIN COSTO;CE0078                                            ;N/A;CINTA IMPRESA RAGGED 72MM X 100M (CE0047;GENERICO;GEN                 ;GEN                 ;NA;NA;NA;NA;NA;18/06/2025;31/07/2025;182;0;0;NULL;NULL;NULL;NULL
EMPAQUE SIN COSTO;CE0080                                            ;N/A;CINTA TRANSPARENTE ATR 722MM X 100 (CE00;GENERICO;GEN                 ;GEN                 ;NA;NA;NA;NA;NA;12/06/2025;31/07/2025;225;0;0;NULL;NULL;NULL;NULL
EMPAQUE SIN COSTO;CE0081                                            ;N/A;ETIQUETA GAFAS (CE0055);GENERICO;GEN                 ;GEN                 ;NA;NA;NA;NA;NA;15/02/2024;25/07/2025;3989;0;0;NULL;NULL;NULL;NULL
EMPAQUE SIN COSTO;CE0082                                            ;N/A;BOLSA RAGGED PEQUENA BIODEGRADABLE (CE00;GENERICO;GEN                 ;GEN                 ;NA;NA;NA;NA;NA;31/01/2025;23/07/2025;17678;0;0;NULL;NULL;NULL;NULL
EMPAQUE SIN COSTO;CE0083                                            ;N/A;BOLSA RAGGED GRANDE BIODEGRADABLE (CE005;GENERICO;GEN                 ;GEN                 ;NA;NA;NA;NA;NA;02/08/2024;31/07/2025;2300;0;0;NULL;NULL;NULL;NULL
PRODUCTO TERMINADO SEGUNDAS Y REMANENTES;PF12510264                                        ;7706718551959;VESTIDO OJALILLO;NEGRO;1;L                   ;GLAM WORDS;VESTIDO;RAGGED                                  ;DICIEMBRE RAGGED C3 2021;VESTIDO CORTO MANGA SISA                ;02/02/2024;28/01/2022;1;0;0;NULL;NULL;NULL;NULL
PRODUCTO TERMINADO SEGUNDAS Y REMANENTES;PF13120546                                        ;7706718568926;CROP TOP MYKONOS;ROJO CARNAUBA;615;M                   ;RAGGED;CAMISETA;RAGGED                                  ;OCTUBRE RAGGED C5 2021;CAMISETA MANGA SISA                     ;25/06/2025;28/01/2025;1;0;0;NULL;NULL;NULL;NULL
GUAYABAL 2;PF31510945                                        ;7706718580096;VESTIDO SAHARA;ROSADO OSCURO;651;S                   ;RAGSTYLE;VESTIDO;RAGSTYLE                                ;OCTUBRE RAGSTYLE PROMO 2023;VESTIDO LARGO DE TIRAS                  ;16/03/2025;14/08/2024;1;0;0;30/10/2023;16/03/2025;30/10/2023;30/10/2023
GUAYABAL 2;PF51320053                                        ;7706718553953;FALDA PALM;CALIDAD TIPO B;0;6;FOR ME TOO JEANS WEAR                   ;FALDA;FORMETOO                                ;DICIEMBRE RAGGED C1 2021;FALDA CORTA                             ;05/02/2022;23/12/2024;1;0;0;5/02/2022;5/02/2022;5/02/2022;5/02/2022
GUAYABAL 2;PF51320053                                        ;7706718553991;FALDA PALM;AZUL MEDIO;420;6;FOR ME TOO JEANS WEAR                   ;FALDA;FORMETOO                                ;DICIEMBRE RAGGED C1 2021;FALDA CORTA                             ;11/01/2025;05/04/2025;1;0;0;29/05/2023;11/01/2025;29/05/2023;29/05/2023
TERMINAL DEL NORTE;PF51320053                                        ;7706718553991;FALDA PALM;AZUL MEDIO;420;6;FOR ME TOO JEANS WEAR                   ;FALDA;FORMETOO                                ;DICIEMBRE RAGGED C1 2021;FALDA CORTA                             ;08/07/2025;08/05/2025;20;0;0;24/06/2022;8/07/2025;24/06/2022;24/06/2022
CONSIGNACION CAROLINA MACHADO;PF51320053                                        ;7706718553991;FALDA PALM;AZUL MEDIO;420;6;FOR ME TOO JEANS WEAR                   ;FALDA;FORMETOO                                ;DICIEMBRE RAGGED C1 2021;FALDA CORTA                             ;11/06/2025;06/06/2025;1;0;0;NULL;NULL;NULL;NULL
CONSIGNACION CAROLINA MACHADO;PF12510263                                        ;7706718554110;VESTIDO LARGO MALIBU;ROJO CARNAUBA;615;L                   ;GLAM WORDS;VESTIDO;RAGGED                                  ;DICIEMBRE RAGGED C1 2021;VESTIDO LARGO MANGA SISA                ;14/07/2025;08/11/2022;1;0;0;NULL;NULL;NULL;NULL
CONSIGNACION CAROLINA MACHADO;PF12510263                                        ;7706718554158;VESTIDO LARGO MALIBU;ROJO CARNAUBA;615;XS                  ;GLAM WORDS;VESTIDO;RAGGED                                  ;DICIEMBRE RAGGED C1 2021;VESTIDO LARGO MANGA SISA                ;06/11/2024;23/02/2022;1;0;0;NULL;NULL;NULL;NULL
PRODUCTO TERMINADO SEGUNDAS Y REMANENTES;PF12510263                                        ;7706718554127;VESTIDO LARGO MALIBU;ROJO CARNAUBA;615;M                   ;GLAM WORDS;VESTIDO;RAGGED                                  ;DICIEMBRE RAGGED C1 2021;VESTIDO LARGO MANGA SISA                ;28/05/2024;09/08/2024;1;0;0;NULL;NULL;NULL;NULL
PRODUCTO TERMINADO SEGUNDAS Y REMANENTES;PF11511057                                        ;7706718554295;VESTIDO MARRUECOS;ROJO VINO;630;XL                  ;TRENDS;VESTIDO;RAGGED                                  ;PROMOCION SEPTIEMBRE 2022;VESTIDO LARGO DE TIRAS                  ;19/07/2023;18/07/2023;1;0;0;NULL;NULL;NULL;NULL
PUENTE ARANDA;PF51320052                                        ;7706718554387;FALDA DENIM FAROLES;AZUL CLARO;450;8;FOR ME TOO JEANS WEAR                   ;FALDA;FORMETOO                                ;OCTUBRE RAGGED PROMO 2023;FALDA CORTA                             ;09/04/2024;14/12/2024;1;0;0;30/11/2022;9/04/2024;30/11/2022;30/11/2022
PRODUCTO TERMINADO SEGUNDAS Y REMANENTES;PF51320052                                        ;7706718554332;FALDA DENIM FAROLES;CALIDAD TIPO B;0;6;FOR ME TOO JEANS WEAR                   ;FALDA;FORMETOO                                ;OCTUBRE RAGGED PROMO 2023;FALDA CORTA                             ;28/12/2023;25/01/2023;1;0;0;NULL;NULL;NULL;NULL
PRODUCTO TERMINADO SEGUNDAS Y REMANENTES;PF31112545                                        ;7706718555162;CAMISA POPELIN ANUDADO;BLANCO;100;S                   ;RAGSTYLE;CAMISA;RAGSTYLE                                ;PROMOCION RAGSTYLE OCTUBRE;CAMISA MANGA 3/4                        ;11/07/2025;11/07/2025;1;0;0;NULL;NULL;NULL;NULL
PRODUCTO TERMINADO ECOMMERCE;PF31112552                                        ;7706718555421;BLUSA AGALA;COBRE;220;L                   ;RAGSTYLE;CAMISA;RAGSTYLE                                ;PROMO ESPECIAL JULIO 2022;CAMISA DE TIRAS                         ;07/04/2022;09/04/2023;2;0;0;7/04/2022;7/04/2022;7/04/2022;7/04/2022
PRODUCTO TERMINADO ECOMMERCE;PF31112552                                        ;7706718555452;BLUSA AGALA;COBRE;220;XS                  ;RAGSTYLE;CAMISA;RAGSTYLE                                ;PROMO ESPECIAL JULIO 2022;CAMISA DE TIRAS                         ;07/04/2022;13/12/2022;4;0;0;7/04/2022;7/04/2022;7/04/2022;7/04/2022
PRODUCTO TERMINADO ECOMMERCE;PF31112552                                        ;7706718555445;BLUSA AGALA;COBRE;220;S                   ;RAGSTYLE;CAMISA;RAGSTYLE                                ;PROMO ESPECIAL JULIO 2022;CAMISA DE TIRAS                         ;07/04/2022;02/04/2023;8;0;0;7/04/2022;7/04/2022;7/04/2022;7/04/2022
LA 65;PF51320054                                        ;7706718555742;FALDA BURANO;NEGRO;1;6;FOR ME TOO JEANS WEAR                   ;FALDA;FORMETOO                                ;PROMO ESPECIAL JULIO 2022;FALDA CORTA                             ;18/05/2024;27/02/2025;2;0;0;5/01/2022;18/05/2024;5/01/2022;5/01/2022
TERMINAL DEL NORTE;PF51320054                                        ;7706718555742;FALDA BURANO;NEGRO;1;6;FOR ME TOO JEANS WEAR                   ;FALDA;FORMETOO                                ;PROMO ESPECIAL JULIO 2022;FALDA CORTA                             ;14/12/2023;11/05/2024;3;0;0;4/08/2022;14/12/2023;4/08/2022;4/08/2022
LA 35;PF51320054                                        ;7706718555742;FALDA BURANO;NEGRO;1;6;FOR ME TOO JEANS WEAR                   ;FALDA;FORMETOO                                ;PROMO ESPECIAL JULIO 2022;FALDA CORTA                             ;01/12/2022;29/02/2024;1;0;0;11/08/2022;1/12/2022;11/08/2022;11/08/2022
UNICO BARRANQUILLA;PF51320054                                        ;7706718555742;FALDA BURANO;NEGRO;1;6;FOR ME TOO JEANS WEAR                   ;FALDA;FORMETOO                                ;PROMO ESPECIAL JULIO 2022;FALDA CORTA                             ;11/03/2024;30/11/2024;3;0;0;11/12/2021;11/03/2024;11/12/2021;11/12/2021
UNICO BARRANQUILLA;PF51320054                                        ;7706718555759;FALDA BURANO;NEGRO;1;8;FOR ME TOO JEANS WEAR                   ;FALDA;FORMETOO                                ;PROMO ESPECIAL JULIO 2022;FALDA CORTA                             ;21/06/2022;21/05/2025;2;0;0;11/12/2021;21/06/2022;11/12/2021;11/12/2021
CONSIGNACION CAROLINA MACHADO;PF12510268                                        ;7706718555834;VESTIDO JORDANIAN;NEGRO;1;S                   ;GLAM WORDS;VESTIDO;RAGGED                                  ;NOVIEMBRE RAGGED C1 2021;VESTIDO CORTO MANGA CORTA               ;27/04/2022;22/07/2025;1;0;0;NULL;NULL;NULL;NULL
PRODUCTO TERMINADO SEGUNDAS Y REMANENTES;PF12510268                                        ;7706718555834;VESTIDO JORDANIAN;NEGRO;1;S                   ;GLAM WORDS;VESTIDO;RAGGED                                  ;NOVIEMBRE RAGGED C1 2021;VESTIDO CORTO MANGA CORTA               ;30/06/2023;27/04/2022;1;0;0;NULL;NULL;NULL;NULL
CONSIGNACION CAROLINA MACHADO;PF12510268                                        ;7706718555889;VESTIDO JORDANIAN;BLANCO CRUDO;101;S                   ;GLAM WORDS;VESTIDO;RAGGED                                  ;NOVIEMBRE RAGGED C1 2021;VESTIDO CORTO MANGA CORTA               ;11/06/2025;03/04/2025;4;0;0;NULL;NULL;NULL;NULL
PRODUCTO TERMINADO SEGUNDAS Y REMANENTES;PF12510268                                        ;7706718555889;VESTIDO JORDANIAN;BLANCO CRUDO;101;S                   ;GLAM WORDS;VESTIDO;RAGGED                                  ;NOVIEMBRE RAGGED C1 2021;VESTIDO CORTO MANGA CORTA               ;05/03/2025;12/03/2025;1;0;0;NULL;NULL;NULL;NULL
CONSIGNACION CAROLINA MACHADO;PF12510268                                        ;7706718555865;VESTIDO JORDANIAN;BLANCO CRUDO;101;L                   ;GLAM WORDS;VESTIDO;RAGGED                                  ;NOVIEMBRE RAGGED C1 2021;VESTIDO CORTO MANGA CORTA               ;15/04/2025;NULL;1;0;0;NULL;NULL;NULL;NULL
PRODUCTO TERMINADO SEGUNDAS Y REMANENTES;PF12110572                                        ;7706718556374;CAMISA BERSHKA;BLANCO;100;S                   ;GLAM WORDS;CAMISA;RAGGED                                  ;OCTUBRE RAGGED PROMO 2023;CAMISA MANGA LARGA                      ;17/06/2024;21/06/2024;1;0;0;NULL;NULL;NULL;NULL
PUENTE ARANDA;PF12110572                                        ;7706718611554;CAMISA BERSHKA;VERDE SALVIA;360;XL                  ;GLAM WORDS;CAMISA;RAGGED                                  ;OCTUBRE RAGGED PROMO 2023;CAMISA MANGA LARGA                      ;25/07/2024;23/05/2023;1;0;0;23/03/2023;25/07/2024;23/03/2023;23/03/2023
PRODUCTO TERMINADO ECOMMERCE;PF12110572                                        ;7706718611554;CAMISA BERSHKA;VERDE SALVIA;360;XL                  ;GLAM WORDS;CAMISA;RAGGED                                  ;OCTUBRE RAGGED PROMO 2023;CAMISA MANGA LARGA                      ;13/09/2023;31/05/2025;4;0;0;23/03/2023;13/09/2023;23/03/2023;23/03/2023
PUENTE ARANDA;PF12110573                                        ;7706718556596;BLUSA CAMELIA;AMARILLO MOSTAZA;702;XS                  ;GLAM WORDS;CAMISA;RAGGED                                  ;NOVIEMBRE RAGGED C2 2021;CAMISA MANGA 3/4                        ;23/06/2022;24/09/2023;1;0;0;17/11/2021;23/06/2022;17/11/2021;17/11/2021
PRODUCTO TERMINADO ECOMMERCE;PF51350260                                        ;7706718556862;JEANS BURANO;NEGRO;1;6;FOR ME TOO JEANS WEAR                   ;JEANS;FORMETOO                                ;PRECIOS ESPECIALES;JEANS BOTA ANCHA                        ;11/12/2024;15/10/2024;7;0;0;8/11/2021;11/12/2024;8/11/2021;8/11/2021
PRODUCTO TERMINADO ECOMMERCE;PF51350260                                        ;7706718556879;JEANS BURANO;NEGRO;1;8;FOR ME TOO JEANS WEAR                   ;JEANS;FORMETOO                                ;PRECIOS ESPECIALES;JEANS BOTA ANCHA                        ;11/12/2024;07/03/2024;2;0;0;8/11/2021;11/12/2024;8/11/2021;8/11/2021
TERMINAL DEL NORTE;PF51350260                                        ;7706718556848;JEANS BURANO;NEGRO;1;12;FOR ME TOO JEANS WEAR                   ;JEANS;FORMETOO                                ;PRECIOS ESPECIALES;JEANS BOTA ANCHA                        ;02/04/2025;NULL;1;0;0;2/04/2025;2/04/2025;2/04/2025;2/04/2025
PRODUCTO TERMINADO SEGUNDAS Y REMANENTES;PF51350260                                        ;7706718556855;JEANS BURANO;NEGRO;1;14;FOR ME TOO JEANS WEAR                   ;JEANS;FORMETOO                                ;PRECIOS ESPECIALES;JEANS BOTA ANCHA                        ;31/07/2025;31/07/2025;1;0;0;NULL;NULL;NULL;NULL
UNICO BARRANQUILLA;PF51350260                                        ;7706718556879;JEANS BURANO;NEGRO;1;8;FOR ME TOO JEANS WEAR                   ;JEANS;FORMETOO                                ;PRECIOS ESPECIALES;JEANS BOTA ANCHA                        ;08/06/2022;01/12/2024;1;0;0;8/11/2021;8/06/2022;8/11/2021;8/11/2021
UNICO BARRANQUILLA;PF51350260                                        ;7706718556831;JEANS BURANO;NEGRO;1;10;FOR ME TOO JEANS WEAR                   ;JEANS;FORMETOO                                ;PRECIOS ESPECIALES;JEANS BOTA ANCHA                        ;25/10/2023;04/07/2024;1;0;0;8/11/2021;25/10/2023;8/11/2021;8/11/2021
LA 35;PF51340049                                        ;7706718556930;SHORT BURANO;NEGRO;1;12;FOR ME TOO JEANS WEAR                   ;SHORT;FORMETOO                                ;OCTUBRE RAGGED PROMO 2023;SHORT                                   ;07/07/2023;13/12/2023;1;0;0;25/08/2022;7/07/2023;25/08/2022;25/08/2022
PRODUCTO TERMINADO SEGUNDAS Y REMANENTES;PF31120996                                        ;7706718860785;TOP MANGAS MESH;BEIGE CLARO;270;XS                  ;RAGSTYLE;CAMISETA;RAGSTYLE                                ;REMATON 27 DE JULIO 2023;CAMISETA MANGA CORTA                    ;22/01/2025;21/01/2025;1;0;0;NULL;NULL;NULL;NULL
PRODUCTO TERMINADO SEGUNDAS Y REMANENTES;PF12310306                                        ;7706718557364;PANTALON HOWLAND;NEGRO;1;6;GLAM WORDS;PANTALON;RAGGED                                  ;OCTUBRE RAGGED C5 2021;PANTALON BOTA RECTA                     ;06/07/2022;11/12/2021;1;0;0;NULL;NULL;NULL;NULL
CONSIGNACION CAROLINA MACHADO;PF31112547                                        ;7706718557449;BLUSA BAY BEACH;BLANCO;100;S                   ;RAGSTYLE;CAMISA;RAGSTYLE                                ;OCTUBRE RAGSTYLE 2021;CAMISA MANGA SISA                       ;21/05/2024;NULL;1;0;0;NULL;NULL;NULL;NULL
PRODUCTO TERMINADO SEGUNDAS Y REMANENTES;PF31112547                                        ;7706718557449;BLUSA BAY BEACH;BLANCO;100;S                   ;RAGSTYLE;CAMISA;RAGSTYLE                                ;OCTUBRE RAGSTYLE 2021;CAMISA MANGA SISA                       ;07/02/2022;22/01/2025;1;0;0;NULL;NULL;NULL;NULL
PRODUCTO TERMINADO ECOMMERCE;PF31121000                                        ;7706718569824;CAMISETA FLORECER;GRIS PASTEL;50;L                   ;RAGSTYLE;CAMISETA;RAGSTYLE                                ;PROMOCION RAGSTYLE OCTUBRE;CAMISETA MANGA CORTA                    ;04/10/2022;28/11/2022;9;0;0;7/04/2022;4/10/2022;7/04/2022;7/04/2022
PRODUCTO TERMINADO ECOMMERCE;PF31121000                                        ;7706718569831;CAMISETA FLORECER;GRIS PASTEL;50;M                   ;RAGSTYLE;CAMISETA;RAGSTYLE                                ;PROMOCION RAGSTYLE OCTUBRE;CAMISETA MANGA CORTA                    ;07/04/2022;10/04/2023;6;0;0;7/04/2022;7/04/2022;7/04/2022;7/04/2022
PRODUCTO TERMINADO ECOMMERCE;PF31121000                                        ;7706718569848;CAMISETA FLORECER;GRIS PASTEL;50;S                   ;RAGSTYLE;CAMISETA;RAGSTYLE                                ;PROMOCION RAGSTYLE OCTUBRE;CAMISETA MANGA CORTA                    ;07/04/2022;06/03/2023;2;0;0;7/04/2022;7/04/2022;7/04/2022;7/04/2022
TERMINAL DEL NORTE;PF12510267                                        ;7706718558194;VESTIDO GRECIA;NEGRO;1;XS                  ;GLAM WORDS;VESTIDO;RAGGED                                  ;ENERO RAGGED C2 2022;VESTIDO LARGO MANGA 3/4                 ;18/01/2024;08/01/2025;2;0;0;7/12/2023;18/01/2024;7/12/2023;7/12/2023
CONSIGNACION CAROLINA MACHADO;PF12510267                                        ;7706718558194;VESTIDO GRECIA;NEGRO;1;XS                  ;GLAM WORDS;VESTIDO;RAGGED                                  ;ENERO RAGGED C2 2022;VESTIDO LARGO MANGA 3/4                 ;15/07/2025;04/06/2024;1;0;0;NULL;NULL;NULL;NULL
PRODUCTO TERMINADO SEGUNDAS Y REMANENTES;PF12510267                                        ;7706718558194;VESTIDO GRECIA;NEGRO;1;XS                  ;GLAM WORDS;VESTIDO;RAGGED                                  ;ENERO RAGGED C2 2022;VESTIDO LARGO MANGA 3/4                 ;02/07/2024;15/07/2025;2;0;0;NULL;NULL;NULL;NULL
TERMINAL DEL NORTE;PF12510267                                        ;7706718558170;VESTIDO GRECIA;NEGRO;1;S                   ;GLAM WORDS;VESTIDO;RAGGED                                  ;ENERO RAGGED C2 2022;VESTIDO LARGO MANGA 3/4                 ;29/01/2025;26/12/2024;2;0;0;7/12/2023;29/01/2025;7/12/2023;7/12/2023
CONSIGNACION CAROLINA MACHADO;PF12510267                                        ;7706718558170;VESTIDO GRECIA;NEGRO;1;S                   ;GLAM WORDS;VESTIDO;RAGGED                                  ;ENERO RAGGED C2 2022;VESTIDO LARGO MANGA 3/4                 ;05/11/2024;NULL;1;0;0;NULL;NULL;NULL;NULL
CONSIGNACION CAROLINA MACHADO;PF12510267                                        ;7706718558163;VESTIDO GRECIA;NEGRO;1;M                   ;GLAM WORDS;VESTIDO;RAGGED                                  ;ENERO RAGGED C2 2022;VESTIDO LARGO MANGA 3/4                 ;14/07/2025;05/12/2024;1;0;0;NULL;NULL;NULL;NULL
PUENTE ARANDA;PF12510267                                        ;7706718558170;VESTIDO GRECIA;NEGRO;1;S                   ;GLAM WORDS;VESTIDO;RAGGED                                  ;ENERO RAGGED C2 2022;VESTIDO LARGO MANGA 3/4                 ;18/09/2023;04/05/2025;3;0;0;25/01/2022;18/09/2023;25/01/2022;25/01/2022
PUENTE ARANDA;AS431317                                          ;7706718581987;LENTES DE SOL 9622;NO APLICA;999;GEN                 ;R-PETITE;GAFAS DE SOL                            ;R-PETITE                                ;GENERICO;GENERICO                                ;22/11/2021;16/12/2021;1;0;0;22/11/2021;22/11/2021;22/11/2021;22/11/2021
FRANQUICIAS;AS431319                                          ;7706718582021;LENTES DE SOL 9850;NO APLICA;999;GEN                 ;R-PETITE;GAFAS DE SOL                            ;R-PETITE                                ;GENERICO;GENERICO                                ;01/03/2024;30/10/2024;2;0;0;11/12/2021;1/03/2024;11/12/2021;11/12/2021
TERMINAL DEL NORTE;AS431325                                          ;7706718582144;LENTES DE SOL 78050;NO APLICA;999;GEN                 ;R-PETITE;GAFAS DE SOL                            ;R-PETITE                                ;GENERICO;GENERICO                                ;14/08/2024;05/06/2024;1;0;0;11/12/2021;14/08/2024;11/12/2021;11/12/2021
FRANQUICIAS;AS431325                                          ;7706718582144;LENTES DE SOL 78050;NO APLICA;999;GEN                 ;R-PETITE;GAFAS DE SOL                            ;R-PETITE                                ;GENERICO;GENERICO                                ;29/04/2024;17/06/2024;1;0;0;11/12/2021;29/04/2024;11/12/2021;11/12/2021
FRANQUICIAS;AS431326                                          ;7706718582168;LENTES DE SOL 9623OC;NO APLICA;999;GEN                 ;R-PETITE;GAFAS DE SOL                            ;R-PETITE                                ;GENERICO;GENERICO                                ;30/10/2024;18/10/2024;1;0;0;11/12/2021;11/12/2021;11/12/2021;11/12/2021
VIVA BARRANQUILLA;AS431327                                          ;7706718582182;LENTES DE SOL 9855CM;NO APLICA;999;GEN                 ;R-PETITE;GAFAS DE SOL                            ;R-PETITE                                ;GENERICO;GENERICO                                ;11/12/2021;02/09/2023;1;0;0;11/12/2021;11/12/2021;11/12/2021;11/12/2021
VIVA BARRANQUILLA;AS431328                                          ;7706718582205;LENTES DE SOL 9918CC;NO APLICA;999;GEN                 ;R-PETITE;GAFAS DE SOL                            ;R-PETITE                                ;GENERICO;GENERICO                                ;22/11/2021;NULL;1;0;0;22/11/2021;22/11/2021;22/11/2021;22/11/2021
FRANQUICIAS;AS431329                                          ;7706718582229;LENTES DE SOL 9945CM;NO APLICA;999;GEN                 ;R-PETITE;GAFAS DE SOL                            ;R-PETITE                                ;GENERICO;GENERICO                                ;23/10/2023;31/03/2025;2;0;0;11/12/2021;11/12/2021;11/12/2021;11/12/2021
FRANQUICIAS;AS431332                                          ;7706718582281;LENTES DE SOL P0074;NO APLICA;999;GEN                 ;R-PETITE;GAFAS DE SOL                            ;R-PETITE                                ;GENERICO;GENERICO                                ;26/08/2022;17/11/2023;2;0;0;11/12/2021;12/08/2022;11/12/2021;11/12/2021
FRANQUICIAS;AS431334                                          ;7706718582328;LENTES DE SOL P0117;NO APLICA;999;GEN                 ;R-PETITE;GAFAS DE SOL                            ;R-PETITE                                ;GENERICO;GENERICO                                ;11/12/2021;29/10/2022;1;0;0;11/12/2021;11/12/2021;11/12/2021;11/12/2021
PRODUCTO TERMINADO SEGUNDAS Y REMANENTES;AS431337                                          ;7706718582380;LENTES DE SOL P0137;NO APLICA;999;GEN                 ;R-PETITE;GAFAS DE SOL                            ;R-PETITE                                ;GENERICO;GENERICO                                ;05/01/2023;06/09/2022;1;0;0;NULL;NULL;NULL;NULL
INSUMOS;IN100242                                          ;N/A;BOTON DE PASTA CONSUL;BLANCO;100;24L                 ;N/A;N/A;N/A;JUNIO RAGGED 2023;N/A;18/07/2025;31/07/2025;3199;0;0;NULL;NULL;NULL;NULL
SAN DIEGO 3;AS431339                                          ;7706718582427;LENTES DE SOL P0146;NO APLICA;999;GEN                 ;R-PETITE;GAFAS DE SOL                            ;R-PETITE                                ;GENERICO;GENERICO                                ;27/11/2023;06/05/2025;1;0;0;8/03/2022;27/11/2023;8/03/2022;8/03/2022
FRANQUICIAS;AS431339                                          ;7706718582427;LENTES DE SOL P0146;NO APLICA;999;GEN                 ;R-PETITE;GAFAS DE SOL                            ;R-PETITE                                ;GENERICO;GENERICO                                ;30/10/2024;30/10/2024;1;0;0;NULL;NULL;NULL;NULL
PUENTE ARANDA;AS431339                                          ;7706718582427;LENTES DE SOL P0146;NO APLICA;999;GEN                 ;R-PETITE;GAFAS DE SOL                            ;R-PETITE                                ;GENERICO;GENERICO                                ;18/02/2022;19/03/2024;1;0;0;18/02/2022;18/02/2022;18/02/2022;18/02/2022
PRODUCTO TERMINADO SEGUNDAS Y REMANENTES;AS431340                                          ;7706718582441;LENTES DE SOL P0147;NO APLICA;999;GEN                 ;R-PETITE;GAFAS DE SOL                            ;R-PETITE                                ;GENERICO;GENERICO                                ;05/01/2023;06/09/2022;1;0;0;NULL;NULL;NULL;NULL
PRODUCTO TERMINADO SEGUNDAS Y REMANENTES;PF31510938                                        ;7706718558453;VESTIDO TANNA;ROJO CARNAUBA;615;L                   ;RAGSTYLE;VESTIDO;RAGSTYLE                                ;OCTUBRE RAGSTYLE 2021;VESTIDO CORTO MANGA LARGA               ;29/09/2023;11/12/2021;1;0;0;NULL;NULL;NULL;NULL
RIONEGRO;PF51120611                                        ;7706718558682;CAMISETA ESCOTE PICO;ROSADO BRILLANTE;670;XS                  ;FORMETOO;CAMISETA;FORMETOO                                ;PROMOCION MAYO RAGGED 2024;CAMISETA MANGA CORTA                    ;20/09/2022;07/12/2021;3;0;0;25/11/2021;20/09/2022;25/11/2021;25/11/2021
RIONEGRO;PF51120611                                        ;7706718558668;CAMISETA ESCOTE PICO;ROSADO BRILLANTE;670;S                   ;FORMETOO;CAMISETA;FORMETOO                                ;PROMOCION MAYO RAGGED 2024;CAMISETA MANGA CORTA                    ;04/11/2022;27/05/2025;8;0;0;25/11/2021;4/11/2022;25/11/2021;25/11/2021
BELLO 2;PF51120611                                        ;7706718558569;CAMISETA ESCOTE PICO;NEGRO;1;S                   ;FORMETOO;CAMISETA;FORMETOO                                ;PROMOCION MAYO RAGGED 2024;CAMISETA MANGA CORTA                    ;26/08/2023;25/06/2025;1;0;0;31/03/2022;26/08/2023;31/03/2022;31/03/2022
LA 65;PF51120611                                        ;7706718558569;CAMISETA ESCOTE PICO;NEGRO;1;S                   ;FORMETOO;CAMISETA;FORMETOO                                ;PROMOCION MAYO RAGGED 2024;CAMISETA MANGA CORTA                    ;11/06/2025;05/06/2025;10;0;0;3/01/2022;11/06/2025;3/01/2022;3/01/2022
LA 35;PF51120611                                        ;7706718558743;CAMISETA ESCOTE PICO;NARANJA BRILLANTE;820;L                   ;FORMETOO;CAMISETA;FORMETOO                                ;PROMOCION MAYO RAGGED 2024;CAMISETA MANGA CORTA                    ;25/07/2024;24/07/2024;1;0;0;27/01/2024;25/07/2024;27/01/2024;27/01/2024
VIVA CAUCASIA;PF51120611                                        ;7706718558552;CAMISETA ESCOTE PICO;NEGRO;1;M                   ;FORMETOO;CAMISETA;FORMETOO                                ;PROMOCION MAYO RAGGED 2024;CAMISETA MANGA CORTA                    ;14/12/2022;30/12/2023;2;0;0;25/11/2021;14/12/2022;25/11/2021;25/11/2021
UNICO BARRANQUILLA;PF51120611                                        ;7706718558583;CAMISETA ESCOTE PICO;NEGRO;1;XS                  ;FORMETOO;CAMISETA;FORMETOO                                ;PROMOCION MAYO RAGGED 2024;CAMISETA MANGA CORTA                    ;01/07/2024;07/02/2025;3;0;0;25/11/2021;1/07/2024;25/11/2021;25/11/2021
UNICO BARRANQUILLA;PF51120611                                        ;7706718558569;CAMISETA ESCOTE PICO;NEGRO;1;S                   ;FORMETOO;CAMISETA;FORMETOO                                ;PROMOCION MAYO RAGGED 2024;CAMISETA MANGA CORTA                    ;01/07/2024;07/02/2025;8;0;0;25/11/2021;1/07/2024;25/11/2021;25/11/2021
TERMINAL DEL NORTE;PF51120611                                        ;7706718558767;CAMISETA ESCOTE PICO;NARANJA BRILLANTE;820;S                   ;FORMETOO;CAMISETA;FORMETOO                                ;PROMOCION MAYO RAGGED 2024;CAMISETA MANGA CORTA                    ;03/02/2025;31/07/2025;2;0;0;10/06/2022;3/02/2025;10/06/2022;10/06/2022
TERMINAL DEL NORTE;PF51120611                                        ;7706718558668;CAMISETA ESCOTE PICO;ROSADO BRILLANTE;670;S                   ;FORMETOO;CAMISETA;FORMETOO                                ;PROMOCION MAYO RAGGED 2024;CAMISETA MANGA CORTA                    ;24/09/2024;21/03/2025;1;0;0;10/06/2022;24/09/2024;10/06/2022;10/06/2022
TERMINAL DEL NORTE;PF51120611                                        ;7706718558781;CAMISETA ESCOTE PICO;NARANJA BRILLANTE;820;XS                  ;FORMETOO;CAMISETA;FORMETOO                                ;PROMOCION MAYO RAGGED 2024;CAMISETA MANGA CORTA                    ;03/02/2025;30/07/2025;1;0;0;24/06/2022;3/02/2025;24/06/2022;24/06/2022
VIVA CAUCASIA;PF51120611                                        ;7706718558576;CAMISETA ESCOTE PICO;NEGRO;1;XL                  ;FORMETOO;CAMISETA;FORMETOO                                ;PROMOCION MAYO RAGGED 2024;CAMISETA MANGA CORTA                    ;14/12/2022;08/05/2023;1;0;0;25/11/2021;14/12/2022;25/11/2021;25/11/2021
PRODUCTO TERMINADO ECOMMERCE;PF51120611                                        ;7706718558682;CAMISETA ESCOTE PICO;ROSADO BRILLANTE;670;XS                  ;FORMETOO;CAMISETA;FORMETOO                                ;PROMOCION MAYO RAGGED 2024;CAMISETA MANGA CORTA                    ;01/02/2025;08/12/2024;4;0;0;17/11/2021;1/02/2025;17/11/2021;17/11/2021
PUENTE ARANDA;PF51120611                                        ;7706718558644;CAMISETA ESCOTE PICO;ROSADO BRILLANTE;670;L                   ;FORMETOO;CAMISETA;FORMETOO                                ;PROMOCION MAYO RAGGED 2024;CAMISETA MANGA CORTA                    ;25/11/2021;NULL;1;0;0;25/11/2021;25/11/2021;25/11/2021;25/11/2021
UNICO BARRANQUILLA;PF51120611                                        ;7706718558552;CAMISETA ESCOTE PICO;NEGRO;1;M                   ;FORMETOO;CAMISETA;FORMETOO                                ;PROMOCION MAYO RAGGED 2024;CAMISETA MANGA CORTA                    ;01/07/2024;04/05/2025;1;0;0;25/11/2021;1/07/2024;25/11/2021;25/11/2021
UNICO BARRANQUILLA;PF51120611                                        ;7706718558781;CAMISETA ESCOTE PICO;NARANJA BRILLANTE;820;XS                  ;FORMETOO;CAMISETA;FORMETOO                                ;PROMOCION MAYO RAGGED 2024;CAMISETA MANGA CORTA                    ;14/05/2022;22/08/2024;2;0;0;25/11/2021;14/05/2022;25/11/2021;25/11/2021
RIONEGRO;PF51120611                                        ;7706718558767;CAMISETA ESCOTE PICO;NARANJA BRILLANTE;820;S                   ;FORMETOO;CAMISETA;FORMETOO                                ;PROMOCION MAYO RAGGED 2024;CAMISETA MANGA CORTA                    ;10/09/2024;27/05/2025;2;0;0;20/02/2022;10/09/2024;20/02/2022;20/02/2022
CONSIGNACION CAROLINA MACHADO;PF51120611                                        ;7706718558545;CAMISETA ESCOTE PICO;NEGRO;1;L                   ;FORMETOO;CAMISETA;FORMETOO                                ;PROMOCION MAYO RAGGED 2024;CAMISETA MANGA CORTA                    ;15/04/2025;NULL;1;0;0;NULL;NULL;NULL;NULL
TERMINAL DEL NORTE;PF51120611                                        ;7706718558576;CAMISETA ESCOTE PICO;NEGRO;1;XL                  ;FORMETOO;CAMISETA;FORMETOO                                ;PROMOCION MAYO RAGGED 2024;CAMISETA MANGA CORTA                    ;23/02/2025;19/08/2024;1;0;0;8/07/2022;23/02/2025;8/07/2022;8/07/2022
PRODUCTO TERMINADO SEGUNDAS Y REMANENTES;PF51120611                                        ;7706718558576;CAMISETA ESCOTE PICO;NEGRO;1;XL                  ;FORMETOO;CAMISETA;FORMETOO                                ;PROMOCION MAYO RAGGED 2024;CAMISETA MANGA CORTA                    ;29/09/2023;26/04/2024;1;0;0;NULL;NULL;NULL;NULL
MAYORCA;PF51120611                                        ;7706718558583;CAMISETA ESCOTE PICO;NEGRO;1;XS                  ;FORMETOO;CAMISETA;FORMETOO                                ;PROMOCION MAYO RAGGED 2024;CAMISETA MANGA CORTA                    ;16/07/2025;03/04/2025;2;0;0;25/11/2021;16/07/2025;25/11/2021;25/11/2021
LA 35;PF51120611                                        ;7706718558583;CAMISETA ESCOTE PICO;NEGRO;1;XS                  ;FORMETOO;CAMISETA;FORMETOO                                ;PROMOCION MAYO RAGGED 2024;CAMISETA MANGA CORTA                    ;18/05/2023;28/05/2025;1;0;0;10/01/2022;18/05/2023;10/01/2022;10/01/2022
PRODUCTO TERMINADO ECOMMERCE;PF51120611                                        ;7706718558583;CAMISETA ESCOTE PICO;NEGRO;1;XS                  ;FORMETOO;CAMISETA;FORMETOO                                ;PROMOCION MAYO RAGGED 2024;CAMISETA MANGA CORTA                    ;23/10/2024;23/02/2025;1;0;0;17/11/2021;23/10/2024;17/11/2021;17/11/2021
MAYORCA;PF51120611                                        ;7706718558569;CAMISETA ESCOTE PICO;NEGRO;1;S                   ;FORMETOO;CAMISETA;FORMETOO                                ;PROMOCION MAYO RAGGED 2024;CAMISETA MANGA CORTA                    ;16/07/2025;03/04/2025;3;0;0;25/11/2021;16/07/2025;25/11/2021;25/11/2021
PRODUCTO TERMINADO ECOMMERCE;PF51120611                                        ;7706718558569;CAMISETA ESCOTE PICO;NEGRO;1;S                   ;FORMETOO;CAMISETA;FORMETOO                                ;PROMOCION MAYO RAGGED 2024;CAMISETA MANGA CORTA                    ;23/10/2024;14/03/2025;3;0;0;17/11/2021;23/10/2024;17/11/2021;17/11/2021
MAYORCA;PF51120611                                        ;7706718558552;CAMISETA ESCOTE PICO;NEGRO;1;M                   ;FORMETOO;CAMISETA;FORMETOO                                ;PROMOCION MAYO RAGGED 2024;CAMISETA MANGA CORTA                    ;16/07/2025;03/04/2025;1;0;0;25/11/2021;16/07/2025;25/11/2021;25/11/2021
TERMINAL DEL NORTE;PF51120611                                        ;7706718558583;CAMISETA ESCOTE PICO;NEGRO;1;XS                  ;FORMETOO;CAMISETA;FORMETOO                                ;PROMOCION MAYO RAGGED 2024;CAMISETA MANGA CORTA                    ;23/02/2025;09/05/2025;6;0;0;10/06/2022;23/02/2025;10/06/2022;10/06/2022
CONSIGNACION CAROLINA MACHADO;PF51120611                                        ;7706718558583;CAMISETA ESCOTE PICO;NEGRO;1;XS                  ;FORMETOO;CAMISETA;FORMETOO                                ;PROMOCION MAYO RAGGED 2024;CAMISETA MANGA CORTA                    ;27/05/2023;30/10/2023;1;0;0;NULL;NULL;NULL;NULL
TERMINAL DEL NORTE;PF51120611                                        ;7706718558569;CAMISETA ESCOTE PICO;NEGRO;1;S                   ;FORMETOO;CAMISETA;FORMETOO                                ;PROMOCION MAYO RAGGED 2024;CAMISETA MANGA CORTA                    ;23/02/2025;22/06/2025;37;0;0;10/06/2022;23/02/2025;10/06/2022;10/06/2022
TERMINAL DEL NORTE;PF51120611                                        ;7706718558552;CAMISETA ESCOTE PICO;NEGRO;1;M                   ;FORMETOO;CAMISETA;FORMETOO                                ;PROMOCION MAYO RAGGED 2024;CAMISETA MANGA CORTA                    ;25/01/2025;17/04/2025;4;0;0;10/06/2022;25/01/2025;10/06/2022;10/06/2022
VIVA CAUCASIA;PF51120611                                        ;7706718558583;CAMISETA ESCOTE PICO;NEGRO;1;XS                  ;FORMETOO;CAMISETA;FORMETOO                                ;PROMOCION MAYO RAGGED 2024;CAMISETA MANGA CORTA                    ;14/12/2022;22/12/2022;1;0;0;25/11/2021;14/12/2022;25/11/2021;25/11/2021
VIVA CAUCASIA;PF51120611                                        ;7706718558569;CAMISETA ESCOTE PICO;NEGRO;1;S                   ;FORMETOO;CAMISETA;FORMETOO                                ;PROMOCION MAYO RAGGED 2024;CAMISETA MANGA CORTA                    ;14/12/2022;18/02/2023;3;0;0;25/11/2021;14/12/2022;25/11/2021;25/11/2021
LA 65;PF51120611                                        ;7706718558583;CAMISETA ESCOTE PICO;NEGRO;1;XS                  ;FORMETOO;CAMISETA;FORMETOO                                ;PROMOCION MAYO RAGGED 2024;CAMISETA MANGA CORTA                    ;11/06/2025;03/04/2025;5;0;0;3/01/2022;11/06/2025;3/01/2022;3/01/2022
CONSIGNACION CAROLINA MACHADO;PF51120611                                        ;7706718558613;CAMISETA ESCOTE PICO;BLANCO;100;S                   ;FORMETOO;CAMISETA;FORMETOO                                ;PROMOCION MAYO RAGGED 2024;CAMISETA MANGA CORTA                    ;12/08/2024;01/02/2024;1;0;0;NULL;NULL;NULL;NULL
PRODUCTO TERMINADO SEGUNDAS Y REMANENTES;PF51120611                                        ;7706718558613;CAMISETA ESCOTE PICO;BLANCO;100;S                   ;FORMETOO;CAMISETA;FORMETOO                                ;PROMOCION MAYO RAGGED 2024;CAMISETA MANGA CORTA                    ;24/08/2023;12/08/2024;2;0;0;NULL;NULL;NULL;NULL
UNICO BARRANQUILLA;PF51120611                                        ;7706718558637;CAMISETA ESCOTE PICO;BLANCO;100;XS                  ;FORMETOO;CAMISETA;FORMETOO                                ;PROMOCION MAYO RAGGED 2024;CAMISETA MANGA CORTA                    ;12/09/2024;31/05/2025;1;0;0;25/11/2021;12/09/2024;25/11/2021;25/11/2021
LA 35;PF51120611                                        ;7706718854524;CAMISETA ESCOTE PICO;AZUL REY;431;S                   ;FORMETOO;CAMISETA;FORMETOO                                ;PROMOCION MAYO RAGGED 2024;CAMISETA MANGA CORTA                    ;06/05/2023;18/06/2024;1;0;0;8/03/2023;6/05/2023;8/03/2023;8/03/2023
PRODUCTO TERMINADO ECOMMERCE;PF51120611                                        ;7706718854524;CAMISETA ESCOTE PICO;AZUL REY;431;S                   ;FORMETOO;CAMISETA;FORMETOO                                ;PROMOCION MAYO RAGGED 2024;CAMISETA MANGA CORTA                    ;01/02/2025;03/05/2025;2;0;0;14/12/2022;1/02/2025;14/12/2022;14/12/2022
PRODUCTO TERMINADO ECOMMERCE;PF51120611                                        ;7706718854548;CAMISETA ESCOTE PICO;AZUL REY;431;XS                  ;FORMETOO;CAMISETA;FORMETOO                                ;PROMOCION MAYO RAGGED 2024;CAMISETA MANGA CORTA                    ;01/02/2025;02/05/2025;1;0;0;14/12/2022;1/02/2025;14/12/2022;14/12/2022
MAYORCA;PF51120611                                        ;7706718854524;CAMISETA ESCOTE PICO;AZUL REY;431;S                   ;FORMETOO;CAMISETA;FORMETOO                                ;PROMOCION MAYO RAGGED 2024;CAMISETA MANGA CORTA                    ;24/08/2024;20/03/2025;2;0;0;14/12/2022;24/08/2024;14/12/2022;14/12/2022
PRODUCTO TERMINADO ECOMMERCE;PF51120611                                        ;7706718854494;CAMISETA ESCOTE PICO;VERDE OSCURO;301;XS                  ;FORMETOO;CAMISETA;FORMETOO                                ;PROMOCION MAYO RAGGED 2024;CAMISETA MANGA CORTA                    ;14/12/2022;13/12/2024;2;0;0;14/12/2022;14/12/2022;14/12/2022;14/12/2022
PRODUCTO TERMINADO ECOMMERCE;PF51120611                                        ;7706718854470;CAMISETA ESCOTE PICO;VERDE OSCURO;301;S                   ;FORMETOO;CAMISETA;FORMETOO                                ;PROMOCION MAYO RAGGED 2024;CAMISETA MANGA CORTA                    ;01/02/2025;07/03/2025;3;0;0;14/12/2022;1/02/2025;14/12/2022;14/12/2022
UNICO BUCARAMANGA;PF51120611                                        ;7706718854470;CAMISETA ESCOTE PICO;VERDE OSCURO;301;S                   ;FORMETOO;CAMISETA;FORMETOO                                ;PROMOCION MAYO RAGGED 2024;CAMISETA MANGA CORTA                    ;05/12/2024;14/12/2024;1;0;0;5/12/2024;5/12/2024;5/12/2024;5/12/2024
UNICO BUCARAMANGA;PF51120611                                        ;7706718854463;CAMISETA ESCOTE PICO;VERDE OSCURO;301;M                   ;FORMETOO;CAMISETA;FORMETOO                                ;PROMOCION MAYO RAGGED 2024;CAMISETA MANGA CORTA                    ;05/12/2024;16/12/2024;1;0;0;5/12/2024;5/12/2024;5/12/2024;5/12/2024
PRODUCTO TERMINADO ECOMMERCE;PF51120611                                        ;7706718854593;CAMISETA ESCOTE PICO;NARANJA;800;XS                  ;FORMETOO;CAMISETA;FORMETOO                                ;PROMOCION MAYO RAGGED 2024;CAMISETA MANGA CORTA                    ;09/08/2024;05/08/2024;6;0;0;14/12/2022;9/08/2024;14/12/2022;14/12/2022
PRODUCTO TERMINADO ECOMMERCE;PF51120611                                        ;7706718854579;CAMISETA ESCOTE PICO;NARANJA;800;S                   ;FORMETOO;CAMISETA;FORMETOO                                ;PROMOCION MAYO RAGGED 2024;CAMISETA MANGA CORTA                    ;09/08/2024;10/03/2025;11;0;0;14/12/2022;9/08/2024;14/12/2022;14/12/2022
MAYORCA;PF51120611                                        ;7706718854548;CAMISETA ESCOTE PICO;AZUL REY;431;XS                  ;FORMETOO;CAMISETA;FORMETOO                                ;PROMOCION MAYO RAGGED 2024;CAMISETA MANGA CORTA                    ;13/07/2023;20/12/2024;1;0;0;14/12/2022;13/07/2023;14/12/2022;14/12/2022
LA 35;PF51120611                                        ;7706718854548;CAMISETA ESCOTE PICO;AZUL REY;431;XS                  ;FORMETOO;CAMISETA;FORMETOO                                ;PROMOCION MAYO RAGGED 2024;CAMISETA MANGA CORTA                    ;06/05/2023;18/06/2024;1;0;0;8/03/2023;6/05/2023;8/03/2023;8/03/2023
TERMINAL DEL NORTE;PF51120611                                        ;7706718854548;CAMISETA ESCOTE PICO;AZUL REY;431;XS                  ;FORMETOO;CAMISETA;FORMETOO                                ;PROMOCION MAYO RAGGED 2024;CAMISETA MANGA CORTA                    ;24/09/2024;06/03/2025;1;0;0;17/05/2024;24/09/2024;17/05/2024;17/05/2024
GUAYABAL 2;PF51120611                                        ;7706718854524;CAMISETA ESCOTE PICO;AZUL REY;431;S                   ;FORMETOO;CAMISETA;FORMETOO                                ;PROMOCION MAYO RAGGED 2024;CAMISETA MANGA CORTA                    ;21/07/2025;16/07/2025;9;0;0;24/02/2023;21/07/2025;24/02/2023;24/02/2023
BELLO 2;PF51120611                                        ;7706718854524;CAMISETA ESCOTE PICO;AZUL REY;431;S                   ;FORMETOO;CAMISETA;FORMETOO                                ;PROMOCION MAYO RAGGED 2024;CAMISETA MANGA CORTA                    ;03/06/2023;24/08/2024;1;0;0;14/12/2022;3/06/2023;14/12/2022;14/12/2022
TERMINAL DEL NORTE;PF51120611                                        ;7706718854524;CAMISETA ESCOTE PICO;AZUL REY;431;S                   ;FORMETOO;CAMISETA;FORMETOO                                ;PROMOCION MAYO RAGGED 2024;CAMISETA MANGA CORTA                    ;20/03/2025;17/07/2025;17;0;0;17/05/2024;20/03/2025;17/05/2024;17/05/2024
RIONEGRO;PF51120611                                        ;7706718854524;CAMISETA ESCOTE PICO;AZUL REY;431;S                   ;FORMETOO;CAMISETA;FORMETOO                                ;PROMOCION MAYO RAGGED 2024;CAMISETA MANGA CORTA                    ;10/09/2024;22/07/2025;2;0;0;14/12/2022;10/09/2024;14/12/2022;14/12/2022
UNICO BARRANQUILLA;PF51120611                                        ;7706718854524;CAMISETA ESCOTE PICO;AZUL REY;431;S                   ;FORMETOO;CAMISETA;FORMETOO                                ;PROMOCION MAYO RAGGED 2024;CAMISETA MANGA CORTA                    ;01/07/2024;31/07/2025;3;0;0;14/12/2022;1/07/2024;14/12/2022;14/12/2022
RIONEGRO;PF51120611                                        ;7706718854593;CAMISETA ESCOTE PICO;NARANJA;800;XS                  ;FORMETOO;CAMISETA;FORMETOO                                ;PROMOCION MAYO RAGGED 2024;CAMISETA MANGA CORTA                    ;10/09/2024;12/04/2025;2;0;0;14/12/2022;10/09/2024;14/12/2022;14/12/2022
CONSIGNACION CAROLINA MACHADO;PF12310307                                        ;7706718559054;PANTALON CONCORD;ROSADO PALO DE ROSA;685;8;GLAM WORDS;PANTALON;RAGGED                                  ;ECOMMERCE PROMO SEPTIEMBRE 2022;PANTALON BOTA RECTA                     ;05/11/2024;NULL;1;0;0;NULL;NULL;NULL;NULL
CONSIGNACION CAROLINA MACHADO;PF12310307                                        ;7706718559016;PANTALON CONCORD;ROSADO PALO DE ROSA;685;10;GLAM WORDS;PANTALON;RAGGED                                  ;ECOMMERCE PROMO SEPTIEMBRE 2022;PANTALON BOTA RECTA                     ;22/05/2024;NULL;1;0;0;NULL;NULL;NULL;NULL
PRODUCTO TERMINADO SEGUNDAS Y REMANENTES;PF31510946                                        ;7706718559160;VESTIDO MINI PRINT;ROJO CARNAUBA;615;S                   ;RAGSTYLE;VESTIDO;RAGSTYLE                                ;PROMOCION RAGSTYLE OCTUBRE;VESTIDO CORTO MANGA CORTA               ;23/02/2022;07/01/2022;1;0;0;NULL;NULL;NULL;NULL
CONSIGNACION CAROLINA MACHADO;PF11320405                                        ;7706718559443;FALDA FRANCE;ROJO VINO;630;8;TRENDS;FALDA;RAGGED                                  ;ECOMMERCE PROMO SEPTIEMBRE 2022;FALDA LARGA                             ;04/11/2023;NULL;1;0;0;NULL;NULL;NULL;NULL
PRODUCTO TERMINADO ECOMMERCE;PF31310538                                        ;7706718563464;PANTALON BALI;AMARILLO MOSTAZA;702;6;RAGSTYLE;PANTALON;RAGSTYLE                                ;OCTUBRE RAGSTYLE 2021;PANTALON BOTA ANCHA                     ;22/10/2024;NULL;1;0;0;22/10/2024;22/10/2024;22/10/2024;22/10/2024
RIONEGRO;PF31310538                                        ;7706718563464;PANTALON BALI;AMARILLO MOSTAZA;702;6;RAGSTYLE;PANTALON;RAGSTYLE                                ;OCTUBRE RAGSTYLE 2021;PANTALON BOTA ANCHA                     ;03/08/2022;NULL;1;0;0;3/08/2022;3/08/2022;3/08/2022;3/08/2022
UNICO BARRANQUILLA;PF31310538                                        ;7706718563471;PANTALON BALI;AMARILLO MOSTAZA;702;8;RAGSTYLE;PANTALON;RAGSTYLE                                ;OCTUBRE RAGSTYLE 2021;PANTALON BOTA ANCHA                     ;24/05/2022;08/09/2024;1;0;0;6/01/2022;24/05/2022;6/01/2022;6/01/2022
MAYORCA;PF31310538                                        ;7706718563440;PANTALON BALI;AMARILLO MOSTAZA;702;12;RAGSTYLE;PANTALON;RAGSTYLE                                ;OCTUBRE RAGSTYLE 2021;PANTALON BOTA ANCHA                     ;19/07/2023;17/01/2024;1;0;0;5/01/2022;19/07/2023;5/01/2022;5/01/2022
PRODUCTO TERMINADO ECOMMERCE;PF31310538                                        ;7706718563440;PANTALON BALI;AMARILLO MOSTAZA;702;12;RAGSTYLE;PANTALON;RAGSTYLE                                ;OCTUBRE RAGSTYLE 2021;PANTALON BOTA ANCHA                     ;22/10/2024;NULL;1;0;0;22/10/2024;22/10/2024;22/10/2024;22/10/2024
PRODUCTO TERMINADO ECOMMERCE;PF31310538                                        ;7706718563457;PANTALON BALI;AMARILLO MOSTAZA;702;14;RAGSTYLE;PANTALON;RAGSTYLE                                ;OCTUBRE RAGSTYLE 2021;PANTALON BOTA ANCHA                     ;23/10/2024;NULL;3;0;0;22/10/2024;23/10/2024;22/10/2024;22/10/2024
RIONEGRO;PF31310538                                        ;7706718563440;PANTALON BALI;AMARILLO MOSTAZA;702;12;RAGSTYLE;PANTALON;RAGSTYLE                                ;OCTUBRE RAGSTYLE 2021;PANTALON BOTA ANCHA                     ;03/08/2022;NULL;1;0;0;3/08/2022;3/08/2022;3/08/2022;3/08/2022
GUAYABAL 2;PF31310538                                        ;7706718563372;PANTALON BALI;CALIDAD TIPO B;0;8;RAGSTYLE;PANTALON;RAGSTYLE                                ;OCTUBRE RAGSTYLE 2021;PANTALON BOTA ANCHA                     ;18/01/2022;03/02/2024;1;0;0;18/01/2022;18/01/2022;18/01/2022;18/01/2022
TERMINAL DEL NORTE;PF31310538                                        ;7706718563471;PANTALON BALI;AMARILLO MOSTAZA;702;8;RAGSTYLE;PANTALON;RAGSTYLE                                ;OCTUBRE RAGSTYLE 2021;PANTALON BOTA ANCHA                     ;26/06/2024;18/02/2025;1;0;0;24/05/2022;26/06/2024;24/05/2022;24/05/2022
LA 65;PF31310538                                        ;7706718563433;PANTALON BALI;AMARILLO MOSTAZA;702;10;RAGSTYLE;PANTALON;RAGSTYLE                                ;OCTUBRE RAGSTYLE 2021;PANTALON BOTA ANCHA                     ;25/09/2024;01/05/2025;1;0;0;23/04/2022;25/09/2024;23/04/2022;23/04/2022
PRODUCTO TERMINADO SEGUNDAS Y REMANENTES;PF13120547                                        ;7706718559849;BODY ALTRAGRACIA;BEIGE CLARO;270;M                   ;RAGGED;BODY;RAGGED                                  ;NOVIEMBRE RAGGED C1 2021;BODY                                    ;02/02/2024;12/08/2024;1;0;0;NULL;NULL;NULL;NULL
PRODUCTO TERMINADO SEGUNDAS Y REMANENTES;PF51120615                                        ;7706718560364;CAMISETA ANUDADO;NEGRO;1;L                   ;FORMETOO;CAMISETA;FORMETOO                                ;ACUMULADO PROMO 2022;CAMISETA MANGA CORTA                    ;28/07/2022;02/03/2022;1;0;0;NULL;NULL;NULL;NULL
PRODUCTO TERMINADO SEGUNDAS Y REMANENTES;PF51120615                                        ;7706718560456;CAMISETA ANUDADO;BLANCO;100;XS                  ;FORMETOO;CAMISETA;FORMETOO                                ;ACUMULADO PROMO 2022;CAMISETA MANGA CORTA                    ;30/01/2023;13/08/2024;1;0;0;NULL;NULL;NULL;NULL
PUENTE ARANDA;PF12310309                                        ;7706718583882;PANTALON MIELERO;BLANCO CRUDO;101;8;GLAM WORDS;PANTALON;RAGGED                                  ;CAMBIO DE PRECIO RAGGED LA 65;PANTALON BOTA RECTA                     ;06/12/2023;12/05/2024;1;0;0;4/03/2022;6/12/2023;4/03/2022;4/03/2022
CONSIGNACION CAROLINA MACHADO;PF31310537                                        ;7706718560982;PANTALON CONCORD TUBO;NEGRO;1;12;RAGSTYLE;PANTALON;RAGSTYLE                                ;REFERENCIAS SIN FOTO MAYO 2024;PANTALON BOTA TUBO                      ;07/02/2025;NULL;1;0;0;NULL;NULL;NULL;NULL
UNICO BARRANQUILLA;PF31310537                                        ;7706718560982;PANTALON CONCORD TUBO;NEGRO;1;12;RAGSTYLE;PANTALON;RAGSTYLE                                ;REFERENCIAS SIN FOTO MAYO 2024;PANTALON BOTA TUBO                      ;17/04/2024;19/07/2025;2;0;0;9/02/2023;17/04/2024;9/02/2023;9/02/2023
CONSIGNACION CAROLINA MACHADO;PF31310537                                        ;7706718772026;PANTALON CONCORD TUBO;ROSADO PALO DE ROSA;685;12;RAGSTYLE;PANTALON;RAGSTYLE                                ;REFERENCIAS SIN FOTO MAYO 2024;PANTALON BOTA TUBO                      ;05/11/2024;06/03/2025;2;0;0;NULL;NULL;NULL;NULL
TERMINAL DEL NORTE;PF11310659                                        ;7706718561279;PANTALON MARCELLA;CALIDAD TIPO B;0;8;TRENDS;PANTALON;RAGGED                                  ;REMATON 27 DE JULIO 2023;PANTALON BOTA TUBO                      ;17/05/2025;19/07/2025;1;0;0;5/02/2022;17/05/2025;5/02/2022;5/02/2022
CONSIGNACION CAROLINA MACHADO;PF11310659                                        ;7706718561323;PANTALON MARCELLA;BLANCO CRUDO;101;8;TRENDS;PANTALON;RAGGED                                  ;REMATON 27 DE JULIO 2023;PANTALON BOTA TUBO                      ;12/12/2022;NULL;1;0;0;NULL;NULL;NULL;NULL
PRODUCTO TERMINADO SEGUNDAS Y REMANENTES;PF11310659                                        ;7706718561286;PANTALON MARCELLA;BLANCO CRUDO;101;10;TRENDS;PANTALON;RAGGED                                  ;REMATON 27 DE JULIO 2023;PANTALON BOTA TUBO                      ;02/07/2024;28/01/2022;1;0;0;NULL;NULL;NULL;NULL
GUAYABAL 2;PF11310659                                        ;7706718561279;PANTALON MARCELLA;CALIDAD TIPO B;0;8;TRENDS;PANTALON;RAGGED                                  ;REMATON 27 DE JULIO 2023;PANTALON BOTA TUBO                      ;08/02/2022;17/05/2025;2;0;0;5/02/2022;8/02/2022;5/02/2022;5/02/2022
PRODUCTO TERMINADO SEGUNDAS Y REMANENTES;PF11310659                                        ;7706718561309;PANTALON MARCELLA;BLANCO CRUDO;101;14;TRENDS;PANTALON;RAGGED                                  ;REMATON 27 DE JULIO 2023;PANTALON BOTA TUBO                      ;02/07/2024;28/01/2022;1;0;0;NULL;NULL;NULL;NULL
PRODUCTO TERMINADO ECOMMERCE;PF31330182                                        ;7706718562399;CAPRI PAESTUM;ROJO CARNAUBA;615;10;RAGSTYLE;CAPRI;RAGSTYLE                                ;PROMO ESPECIAL JULIO 2022;CAPRI                                   ;17/11/2022;09/04/2023;5;0;0;28/06/2022;17/11/2022;28/06/2022;28/06/2022
UNICO BARRANQUILLA;PF31330182                                        ;7706718562412;CAPRI PAESTUM;ROJO CARNAUBA;615;6;RAGSTYLE;CAPRI;RAGSTYLE                                ;PROMO ESPECIAL JULIO 2022;CAPRI                                   ;08/07/2022;03/08/2024;1;0;0;8/07/2022;8/07/2022;8/07/2022;8/07/2022
PRODUCTO TERMINADO ECOMMERCE;PF12120171                                        ;7706718562580;TOP INDONESIA;ROSADO OSCURO;651;XS                  ;GLAM WORDS;CAMISETA;RAGGED                                  ;REFERENCIAS PROMO JULIO 2024;CAMISETA  DE TIRA                       ;18/11/2022;17/02/2025;3;0;0;17/11/2021;18/11/2022;17/11/2021;17/11/2021
TERMINAL DEL NORTE;PF12120171                                        ;7706718562498;TOP INDONESIA;PLATEADO;40;S                   ;GLAM WORDS;CAMISETA;RAGGED                                  ;REFERENCIAS PROMO JULIO 2024;CAMISETA  DE TIRA                       ;07/06/2025;21/06/2025;1;0;0;22/01/2025;7/06/2025;22/01/2025;22/01/2025
PRODUCTO TERMINADO ECOMMERCE;PF12120171                                        ;7706718562504;TOP INDONESIA;PLATEADO;40;XS                  ;GLAM WORDS;CAMISETA;RAGGED                                  ;REFERENCIAS PROMO JULIO 2024;CAMISETA  DE TIRA                       ;13/12/2023;18/06/2024;2;0;0;17/11/2021;13/12/2023;17/11/2021;17/11/2021
PRODUCTO TERMINADO ECOMMERCE;PF12120171                                        ;7706718562498;TOP INDONESIA;PLATEADO;40;S                   ;GLAM WORDS;CAMISETA;RAGGED                                  ;REFERENCIAS PROMO JULIO 2024;CAMISETA  DE TIRA                       ;08/06/2024;20/03/2025;7;0;0;17/11/2021;8/06/2024;17/11/2021;17/11/2021
GUAYABAL 2;PF12120171                                        ;7706718562481;TOP INDONESIA;PLATEADO;40;M                   ;GLAM WORDS;CAMISETA;RAGGED                                  ;REFERENCIAS PROMO JULIO 2024;CAMISETA  DE TIRA                       ;15/03/2025;04/06/2024;1;0;0;24/05/2024;15/03/2025;24/05/2024;24/05/2024
GUAYABAL 2;PF12120171                                        ;7706718562443;TOP INDONESIA;CALIDAD TIPO B;0;M                   ;GLAM WORDS;CAMISETA;RAGGED                                  ;REFERENCIAS PROMO JULIO 2024;CAMISETA  DE TIRA                       ;13/12/2021;02/11/2023;1;0;0;13/12/2021;13/12/2021;13/12/2021;13/12/2021
PRODUCTO TERMINADO ECOMMERCE;PF12120171                                        ;7706718562542;TOP INDONESIA;ROJO VINO;630;XS                  ;GLAM WORDS;CAMISETA;RAGGED                                  ;REFERENCIAS PROMO JULIO 2024;CAMISETA  DE TIRA                       ;09/07/2024;22/01/2025;4;0;0;17/11/2021;9/07/2024;17/11/2021;17/11/2021
PRODUCTO TERMINADO ECOMMERCE;PF12120171                                        ;7706718562535;TOP INDONESIA;ROJO VINO;630;S                   ;GLAM WORDS;CAMISETA;RAGGED                                  ;REFERENCIAS PROMO JULIO 2024;CAMISETA  DE TIRA                       ;18/11/2022;01/12/2024;2;0;0;17/11/2021;18/11/2022;17/11/2021;17/11/2021
CONSIGNACION CAROLINA MACHADO;PF11511059                                        ;7706718562764;VESTIDO LINO MIDI;VERDE MILITAR;305;XS                  ;TRENDS;VESTIDO;RAGGED                                  ;ECOMMERCE PROMO SEPTIEMBRE 2022;VESTIDO LARGO MANGA SISA                ;08/06/2023;18/01/2023;1;0;0;NULL;NULL;NULL;NULL
CONSIGNACION CAROLINA MACHADO;PF12510265                                        ;7706718562054;VESTIDO MILAN;BLANCO;100;XL                  ;GLAM WORDS;VESTIDO;RAGGED                                  ;ECOMMERCE PROMO SEPTIEMBRE 2022;VESTIDO CORTO MANGA SISA                ;01/11/2024;NULL;1;0;0;NULL;NULL;NULL;NULL
PRODUCTO TERMINADO SEGUNDAS Y REMANENTES;PF12510265                                        ;7706718562054;VESTIDO MILAN;BLANCO;100;XL                  ;GLAM WORDS;VESTIDO;RAGGED                                  ;ECOMMERCE PROMO SEPTIEMBRE 2022;VESTIDO CORTO MANGA SISA                ;06/07/2022;01/11/2024;1;0;0;NULL;NULL;NULL;NULL
CONSIGNACION CAROLINA MACHADO;PF31510948                                        ;7706718564324;VESTIDO RAYAS;AMARILLO MOSTAZA;702;S                   ;RAGSTYLE;VESTIDO;RAGSTYLE                                ;OCTUBRE RAGSTYLE 2021;VESTIDO CORTO DE TIRAS                  ;05/11/2024;NULL;1;0;0;NULL;NULL;NULL;NULL
PRODUCTO TERMINADO SEGUNDAS Y REMANENTES;PF31510948                                        ;7706718564324;VESTIDO RAYAS;AMARILLO MOSTAZA;702;S                   ;RAGSTYLE;VESTIDO;RAGSTYLE                                ;OCTUBRE RAGSTYLE 2021;VESTIDO CORTO DE TIRAS                  ;30/06/2023;05/11/2024;1;0;0;NULL;NULL;NULL;NULL
PRODUCTO TERMINADO ECOMMERCE;PF51110946                                        ;7706718564058;BLUSA TORONTO;AZUL CLARO;450;S                   ;FOR ME TOO JEANS WEAR                   ;CAMISA;FORMETOO                                ;DICIEMBRE RAGGED C3 2022;CAMISA MANGA SISA                       ;19/06/2024;25/01/2025;1;0;0;14/12/2022;19/06/2024;14/12/2022;14/12/2022
PRODUCTO TERMINADO SEGUNDAS Y REMANENTES;PF51110946                                        ;7706718564058;BLUSA TORONTO;AZUL CLARO;450;S                   ;FOR ME TOO JEANS WEAR                   ;CAMISA;FORMETOO                                ;DICIEMBRE RAGGED C3 2022;CAMISA MANGA SISA                       ;20/02/2023;29/01/2024;1;0;0;NULL;NULL;NULL;NULL
